Metabolite ID,Name,Formula/Composition,Compartment,PubChem ID
C00345,6-Phospho-D-gluconate,C6H13O10P,Cytosol,3638
C00006,NADP+,C21H29N7O17P3,Cytosol,3308
C00199,D-Ribulose 5-phosphate,C5H11O8P,Cytosol,3499
C00011,CO2,CO2,Cytosol,3313
C00005,NADPH,C21H30N7O17P3,Cytosol,3307
C00080,H+,H,Cytosol,3380
C00003,NAD+,C21H28N7O14P2,Cytosol,3305
C00004,NADH,C21H29N7O14P2,Cytosol,3306
C00251,Chorismate,C10H10O6,Cytosol,3550
C00014,Ammonia,NH3,Cytosol,3316
C00108,Anthranilate,C7H7NO2,Cytosol,3408
C00022,Pyruvate,C3H4O3,Cytosol,3324
C00001,H2O,H2O,Cytosol,3303
C00064,L-Glutamine,C5H10N2O3,Cytosol,3364
C00025,L-Glutamate,C5H9NO4,Cytosol,3327
C05898,"Undecaprenyl-diphospho-N-acetylmuramoyl-(N-acetylglucosamine)-L-alanyl-D-glutamyl-meso-2,6-diaminopimeloyl-D-alanyl-D-alanine",C95H156N8O28P2,Cytosol,8186
C11827,[GlcNAc-(1->4)-Mur2Ac(oyl-L-Ala-g-D-Glu-A2pm-D-Ala-D-Ala)]n-diphosphoundecaprenol,C95H156N8O28P2(C40H64N8O21)n-1,Cytosol,13991
C04574,"di-trans,poly-cis-Undecaprenyl diphosphate",C55H92O7P2,Cytosol,7175
G10555,Glycan,(GlcNAc)1 (MurNAc)1 (D-Ala-D-Ala-A2pm-gamma-D-Glu-Ala)1 (PP-Und)1,Cytosol,
G10557,Glycan,(GlcNAc)1 (MurNAc)1 (*)1 (D-Ala-D-Ala-A2pm-gamma-D-Glu-Ala)1 (PP-Und)1,Cytosol,
C00029,UDP-glucose,C15H24N2O17P2,Cytosol,3331
C00167,UDP-glucuronate,C15H22N2O18P2,Cytosol,3467
C00051,Glutathione,C10H17N3O6S,Cytosol,3353
C01419,Cys-Gly,C5H10N2O3S,Cytosol,4606
C00151,L-Amino acid,C2H4NO2R,Cytosol,3451
C03740,(5-L-Glutamyl)-L-amino acid,C7H11N2O5R,Cytosol,6503
C03193,(5-L-Glutamyl)-peptide,C7H11N2O5R(C2H2NOR)n,Cytosol,6070
C00245,Taurine,C2H7NO3S,Cytosol,3544
C00012,Peptide,C2H4NO2R(C2H2NOR)n,Cytosol,3314
C05844,5-L-Glutamyl-taurine,C7H14N2O6S,Cytosol,8137
C02166,Leukotriene C4,C30H47N3O9S,Cytosol,5241
C00045,Amino acid,C2H4NO2R,Cytosol,3347
C05951,Leukotriene D4,C25H40N2O6S,Cytosol,8235
C03363,5-L-Glutamyl amino acid,C7H11N2O5R,Cytosol,6200
C02320,R-S-Glutathione,C10H16N3O6SR,Cytosol,5373
C05729,R-S-Cysteinylglycine,C5H9N2O3SR,Cytosol,8031
C02512,3-Cyano-L-alanine,C4H6N2O2,Cytosol,5522
C05711,gamma-Glutamyl-beta-cyanoalanine,C9H13N3O5,Cytosol,8018
C05670,3-Aminopropiononitrile,C3H6N2,Cytosol,7978
C06114,gamma-Glutamyl-beta-aminopropiononitrile,C8H13N3O3,Cytosol,8376
C05689,Se-Methyl-L-selenocysteine,C4H9NO2Se,Cytosol,7996
C05695,gamma-Glutamyl-Se-methylselenocysteine,C9H16N2O5Se,Cytosol,8002
C00670,sn-Glycero-3-phosphocholine,C8H21NO6P,Cytosol,3939
C00114,Choline,C5H14NO,Cytosol,3414
C00093,sn-Glycerol 3-phosphate,C3H9O6P,Cytosol,3393
C01233,sn-Glycero-3-phosphoethanolamine,C5H14NO6P,Cytosol,4454
C00189,Ethanolamine,C2H7NO,Cytosol,3489
C00007,Oxygen,O2,Cytosol,3309
C14818,Fe2+,Fe,Cytosol,17395816
C14819,Fe3+,Fe,Cytosol,17395817
C00062,L-Arginine,C6H14N4O2,Cytosol,3362
C00327,L-Citrulline,C6H13N3O3,Cytosol,3621
C00390,Ubiquinol,C14H20O4(C5H8)n,Cytosol,3680
C00399,Ubiquinone,C14H18O4(C5H8)n,Cytosol,3689
C00826,L-Arogenate,C10H13NO5,Cytosol,4084
C00079,L-Phenylalanine,C9H11NO2,Cytosol,3379
C00254,Prephenate,C10H10O6,Cytosol,3553
C00166,Phenylpyruvate,C9H8O3,Cytosol,3466
C00052,UDP-alpha-D-galactose,C15H24N2O17P2,Cytosol,3354
C03733,UDP-alpha-D-galactofuranose,C15H24N2O17P2,Cytosol,6496
C00935,UDP-L-arabinose,C14H22N2O16P2,Cytosol,4187
C18094,UDP-L-arabinofuranose,C14H22N2O16P2,Cytosol,96024311
G13125,Glycan,(UDP-Galf)1,Cytosol,
G13121,Glycan,(Galf)2 (GlcNAc)1 (LRha)1 (PP-C50)1,Cytosol,
G10619,Glycan,(UDP)1,Cytosol,
G13122,Glycan,(Galf)3 (GlcNAc)1 (LRha)1 (PP-C50)1,Cytosol,
C04895,"7,8-Dihydroneopterin 3'-triphosphate",C9H16N5O13P3,Cytosol,7446
C04874,"7,8-Dihydroneopterin",C9H13N5O4,Cytosol,7426
C00009,Orthophosphate,H3PO4,Cytosol,3311
G13119,Glycan,(GlcNAc)1 (LRha)1 (PP-C50)1,Cytosol,
G13120,Glycan,(Galf)1 (GlcNAc)1 (LRha)1 (PP-C50)1,Cytosol,
C00026,2-Oxoglutarate,C5H6O5,Cytosol,3328
C00082,L-Tyrosine,C9H11NO3,Cytosol,3382
C01179,3-(4-Hydroxyphenyl)pyruvate,C9H8O4,Cytosol,4406
C01100,L-Histidinol phosphate,C6H12N3O4P,Cytosol,4334
C01267,3-(Imidazol-4-yl)-2-oxopropyl phosphate,C6H9N2O5P,Cytosol,4486
C04431,cis-4-Carboxymethylenebut-2-en-4-olide,C6H4O4,Cytosol,7062
C02222,2-Maleylacetate,C6H6O5,Cytosol,5287
C07090,Protoanemonin,C5H4O2,Cytosol,9301
C07091,cis-Acetylacrylate,C5H6O3,Cytosol,9302
C04706,"cis-2-Chloro-4-carboxymethylenebut-2-en-1,4-olide",C6H3ClO4,Cytosol,7279
C06329,2-Chloromaleylacetate,C6H5ClO5,Cytosol,8565
C12834,"2,5-Dichloro-carboxymethylenebut-2-en-4-olide",C6H2Cl2O4,Cytosol,583223
C12835,"2,5-Dichloro-4-oxohex-2-enedioate",C6H4Cl2O5,Cytosol,583224
C12838,trans-4-Carboxymethylenebut-2-en-4-olide,C6H4O4,Cytosol,583227
C16477,5-Fluoromuconolactone,C6H5FO4,Cytosol,47205773
C16487,Hydrofluoric acid,HF,Cytosol,47205783
C16476,4-Fluoromuconolactone,C6H5FO4,Cytosol,47205772
C18242,"2,3,5-Trichlorodienelactone",C6HCl3O4,Cytosol,103061424
C18243,"2,3,5-Trichloromaleylacetate",C6H3Cl3O5,Cytosol,103061425
C18309,3-Chloro-2-methyldienelactone,C7H5ClO4,Cytosol,103061491
C18310,3-Chloro-2-methylmaleylacetate,C7H7ClO5,Cytosol,103061492
C18304,2-Chloro-5-methyl-cis-dienelactone,C7H5ClO4,Cytosol,103061486
C18305,2-Chloro-5-methylmaleylacetate,C7H7ClO5,Cytosol,103061487
C00002,ATP,C10H16N5O13P3,Cytosol,3304
C00164,Acetoacetate,C4H6O3,Cytosol,3464
C00010,CoA,C21H36N7O16P3S,Cytosol,3312
C00020,AMP,C10H14N5O7P,Cytosol,3322
C00013,Diphosphate,H4P2O7,Cytosol,3315
C00332,Acetoacetyl-CoA,C25H40N7O18P3S,Cytosol,3626
C02504,alpha-Isopropylmalate,C7H12O5,Cytosol,5516
C00024,Acetyl-CoA,C23H38N7O17P3S,Cytosol,3326
C00141,3-Methyl-2-oxobutanoic acid,C5H8O3,Cytosol,3441
C00049,L-Aspartate,C4H7NO4,Cytosol,3351
C00008,ADP,C10H15N5O10P2,Cytosol,3310
C03082,4-Phospho-L-aspartate,C4H8NO7P,Cytosol,5980
C00441,L-Aspartate 4-semialdehyde,C4H7NO3,Cytosol,3730
C00243,Lactose,C12H22O11,Cytosol,3542
C00267,alpha-D-Glucose,C6H12O6,Cytosol,3565
C00124,D-Galactose,C6H12O6,Cytosol,3424
C01290,Lactosylceramide,C31H56NO13R,Cytosol,4509
C01190,Glucosylceramide,C25H46NO8R,Cytosol,4416
C04911,D-Galactosyl-N-acetyl-D-galactosaminyl-(N-acetylneuraminyl)-D-galactosyl-D-glucosylceramide,C56H96N3O31R,Cytosol,7461
C04884,N-Acetyl-D-galactosaminyl-(N-acetylneuraminyl)-D-galactosyl-D-glucosylceramide,C50H86N3O26R,Cytosol,7436
C06136,GA1,C45H79N2O23R,Cytosol,8393
C06135,GA2,C39H69N2O18R,Cytosol,8392
G00124,Glycan,(Gal)2 (GalNAc)1 (Glc)1 (Cer)1,Cytosol,
G00123,Glycan,(Gal)1 (GalNAc)1 (Glc)1 (Cer)1,Cytosol,
G00110,Glycan,(Gal)2 (GalNAc)1 (Glc)1 (Neu5Ac)1 (Cer)1,Cytosol,
G00109,Glycan,(Gal)1 (GalNAc)1 (Glc)1 (Neu5Ac)1 (Cer)1,Cytosol,
G01977,Glycan,(Gal)2 (GlcNAc)2 (S)2,Cytosol,
G13073,Glycan,(Gal)1 (GlcNAc)2 (S)2,Cytosol,
C00033,Acetate,C2H4O2,Cytosol,3335
C05993,Acetyl adenylate,C12H16N5O8P,Cytosol,8267
C00163,Propanoate,C3H6O2,Cytosol,3463
C00100,Propanoyl-CoA,C24H40N7O17P3S,Cytosol,3400
C05983,Propionyladenylate,C13H18N5O8P,Cytosol,8261
C00256,(R)-Lactate,C3H6O3,Cytosol,3555
C00357,N-Acetyl-D-glucosamine 6-phosphate,C8H16NO9P,Cytosol,3650
C16698,N-Acetylmuramic acid 6-phosphate,C11H20NO11P,Cytosol,51091020
C01674,Chitobiose,C16H28N2O11,Cytosol,4818
C00140,N-Acetyl-D-glucosamine,C8H15NO6,Cytosol,3440
G00711,Glycan,(GlcA)1 (GlcNAc)2,Cytosol,
G10008,Glycan,(GlcA)1 (GlcNAc)1,Cytosol,
C00130,IMP,C10H13N4O8P,Cytosol,3430
C00262,Hypoxanthine,C5H4N4O,Cytosol,3560
C00119,5-Phospho-alpha-D-ribose 1-diphosphate,C5H13O14P3,Cytosol,3419
C00144,GMP,C10H14N5O8P,Cytosol,3444
C00242,Guanine,C5H5N5O,Cytosol,3541
C00655,Xanthosine 5'-phosphate,C10H13N4O9P,Cytosol,3925
C00385,Xanthine,C5H4N4O2,Cytosol,3675
C02380,6-Mercaptopurine,C5H4N4S,Cytosol,5422
C04646,6-Thioinosine-5'-monophosphate,C10H13N4O7PS,Cytosol,7235
C16614,6-Methylmercaptopurine,C6H6N4S,Cytosol,51090940
C16615,6-Methylthiopurine 5'-monophosphate ribonucleotide,C11H15N4O7PS,Cytosol,51090941
C07648,Thioguanine,C5H5N5S,Cytosol,9850
C16619,6-Thioguanosine monophosphate,C10H14N5O7PS,Cytosol,51090945
C00044,GTP,C10H16N5O14P3,Cytosol,3346
C00058,Formate,CH2O2,Cytosol,3358
C05922,Formamidopyrimidine nucleoside triphosphate,C10H18N5O15P3,Cytosol,8210
C06148,"2,5-Diamino-6-(5'-triphosphoryl-3',4'-trihydroxy-2'-oxopentyl)-amino-4-oxopyrimidine",C9H18N5O14P3,Cytosol,8404
C05923,"2,5-Diaminopyrimidine nucleoside triphosphate",C9H18N5O14P3,Cytosol,8211
C01300,"6-(Hydroxymethyl)-7,8-dihydropterin",C7H9N5O2,Cytosol,4518
C00568,4-Aminobenzoate,C7H7NO2,Cytosol,3847
C00921,Dihydropteroate,C14H14N6O3,Cytosol,4175
C04807,"6-Hydroxymethyl-7,8-dihydropterin diphosphate",C7H11N5O8P2,Cytosol,7369
C00266,Glycolaldehyde,C2H4O2,Cytosol,3564
C21065,"7,8-Dihydroxanthopterin",C6H7N5O2,Cytosol,295369327
C21008,"7,8-Dihydromonapterin",C9H13N5O4,Cytosol,254741466
C00522,(R)-Pantoate,C6H12O4,Cytosol,3805
C00099,beta-Alanine,C3H7NO2,Cytosol,3399
C00864,Pantothenate,C9H17NO5,Cytosol,4121
C00831,Pantetheine,C11H22N2O4S,Cytosol,4089
C01134,Pantetheine 4'-phosphate,C11H23N2O7PS,Cytosol,4365
C03492,D-4'-Phosphopantothenate,C9H18NO8P,Cytosol,6304
C04079,N-((R)-Pantothenoyl)-L-cysteine,C12H22N2O6S,Cytosol,6773
C04352,(R)-4'-Phosphopantothenoyl-L-cysteine,C12H23N2O9PS,Cytosol,7001
C11434,2-C-Methyl-D-erythritol 4-phosphate,C5H13O7P,Cytosol,13606
C00063,CTP,C9H16N3O14P3,Cytosol,3363
C11435,4-(Cytidine 5'-diphospho)-2-C-methyl-D-erythritol,C14H25N3O14P2,Cytosol,13607
C11436,2-Phospho-4-(cytidine 5'-diphospho)-2-C-methyl-D-erythritol,C14H26N3O17P3,Cytosol,13608
C11453,"2-C-Methyl-D-erythritol 2,4-cyclodiphosphate",C5H12O9P2,Cytosol,13625
C00055,CMP,C9H14N3O8P,Cytosol,3357
C03283,"L-2,4-Diaminobutanoate",C4H10N2O2,Cytosol,6142
C00461,Chitin,(C8H13NO5)n,Cytosol,3745
C00668,alpha-D-Glucose 6-phosphate,C6H13O9P,Cytosol,3937
C00015,UDP,C9H14N2O12P2,Cytosol,3317
C00689,"alpha,alpha'-Trehalose 6-phosphate",C12H23O14P,Cytosol,3958
C00498,ADP-glucose,C16H25N5O15P2,Cytosol,3781
C00092,D-Glucose 6-phosphate,C6H13O9P,Cytosol,3392
C01083,"alpha,alpha-Trehalose",C12H22O11,Cytosol,4320
C01137,S-Adenosylmethioninamine,C14H23N6O3S,Cytosol,4368
C00134,Putrescine,C4H12N2,Cytosol,3434
C00170,5'-Methylthioadenosine,C11H15N5O3S,Cytosol,3470
C00315,Spermidine,C7H19N3,Cytosol,3609
C01672,Cadaverine,C5H14N2,Cytosol,4816
C16565,Aminopropylcadaverine,C8H21N3,Cytosol,51090894
C20258,"(2S,4S)-4-Hydroxy-2,3,4,5-tetrahydrodipicolinate",C7H9NO5,Cytosol,163311998
C00085,D-Fructose 6-phosphate,C6H13O9P,Cytosol,3385
C00352,D-Glucosamine 6-phosphate,C6H14NO8P,Cytosol,3645
C04752,4-Amino-5-hydroxymethyl-2-methylpyrimidine diphosphate,C6H11N3O7P2,Cytosol,7322
C04327,4-Methyl-5-(2-phosphooxyethyl)thiazole,C6H10NO4PS,Cytosol,6980
C01081,Thiamin monophosphate,C12H18N4O4PS,Cytosol,4319
C20247,2-(2-Carboxy-4-methylthiazol-5-yl)ethyl phosphate,C7H10NO6PS,Cytosol,163311990
C00037,Glycine,C2H5NO2,Cytosol,3339
C15809,Iminoglycine,C2H3NO2,Cytosol,47205134
C00027,Hydrogen peroxide,H2O2,Cytosol,3329
C11437,1-Deoxy-D-xylulose 5-phosphate,C5H11O7P,Cytosol,13609
C15814,Thiocarboxy-[sulfur-carrier protein],C4H7N2O2SR,Cytosol,47205139
C20246,"2-[(2R,5Z)-2-Carboxy-4-methylthiazol-5(2H)-ylidene]ethyl phosphate",C7H10NO6PS,Cytosol,163311989
C15810,Sulfur-carrier protein,C4H7N2O3R,Cytosol,47205135
C01279,4-Amino-5-hydroxymethyl-2-methylpyrimidine,C6H9N3O,Cytosol,4498
C04556,4-Amino-2-methyl-5-(phosphooxymethyl)pyrimidine,C6H10N3O4P,Cytosol,7161
C03373,Aminoimidazole ribotide,C8H14N3O7P,Cytosol,6208
C00019,S-Adenosyl-L-methionine,C15H22N6O5S,Cytosol,3321
C05198,5'-Deoxyadenosine,C10H13N5O3,Cytosol,7603
C00073,L-Methionine,C5H11NO2S,Cytosol,3373
C00237,CO,CO,Cytosol,3536
C00269,CDP-diacylglycerol,C14H19N3O15P2R2,Cytosol,3567
C00065,L-Serine,C3H7NO3,Cytosol,3365
C02737,Phosphatidylserine,C8H12NO10PR2,Cytosol,5698
C00350,Phosphatidylethanolamine,C7H12NO8PR2,Cytosol,3643
C19848,Adenylated molybdopterin,C20H26N10O12P2S2,Cytosol,135626315
C06232,Molybdate,H2MoO4,Cytosol,8475
C18237,Molybdoenzyme molybdenum cofactor,C10H12MoN5O8PS2,Cytosol,103061419
C02730,2-Succinylbenzoate,C11H10O5,Cytosol,5692
C05817,"(1R,6R)-6-Hydroxy-2-succinylcyclohexa-2,4-diene-1-carboxylate",C11H12O6,Cytosol,8112
C02137,alpha-Oxo-benzeneacetic acid,C8H6O3,Cytosol,5216
C00261,Benzaldehyde,C7H6O,Cytosol,3559
C03590,4-Hydroxyphenylglyoxylate,C8H6O4,Cytosol,6381
C00633,4-Hydroxybenzaldehyde,C7H6O2,Cytosol,3906
C00149,(S)-Malate,C4H6O5,Cytosol,3449
C21310,"(8S)-3',8-Cyclo-7,8-dihydroguanosine 5'-triphosphate",C10H16N5O14P3,Cytosol,319075052
C18239,Precursor Z,C10H14N5O8P,Cytosol,103061421
C00030,Reduced acceptor,,Cytosol,3332
C00028,Acceptor,,Cytosol,3330
C00206,dADP,C10H15N5O9P2,Cytosol,3506
C00343,Thioredoxin disulfide,C10H12N4O4S2R4,Cytosol,3636
C00342,Thioredoxin,C10H14N4O4S2R4,Cytosol,3635
C01346,dUDP,C9H14N2O11P2,Cytosol,4551
C00361,dGDP,C10H15N5O10P2,Cytosol,3652
C00035,GDP,C10H15N5O11P2,Cytosol,3337
C00705,dCDP,C9H15N3O10P2,Cytosol,3972
C00112,CDP,C9H15N3O11P2,Cytosol,3412
C00988,2-Phosphoglycolate,C2H5O6P,Cytosol,4234
C00160,Glycolate,C2H4O3,Cytosol,3460
C01005,O-Phospho-L-serine,C3H8NO6P,Cytosol,4251
C03232,3-Phosphonooxypyruvate,C3H5O7P,Cytosol,6103
C06055,O-Phospho-4-hydroxy-L-threonine,C4H10NO7P,Cytosol,8325
C06054,2-Oxo-3-hydroxy-4-phosphobutanoate,C4H7O8P,Cytosol,8324
C00158,Citrate,C6H8O7,Cytosol,3458
C00036,Oxaloacetate,C4H4O5,Cytosol,3338
C00086,Urea,CH4N2O,Cytosol,3386
C00288,HCO3-,HCO3,Cytosol,3583
C00647,Pyridoxamine phosphate,C8H13N2O5P,Cytosol,3919
C00018,Pyridoxal phosphate,C8H10NO6P,Cytosol,3320
C00627,Pyridoxine phosphate,C8H12NO6P,Cytosol,3900
C00534,Pyridoxamine,C8H12N2O2,Cytosol,3816
C00250,Pyridoxal,C8H9NO3,Cytosol,3549
C00314,Pyridoxine,C8H11NO3,Cytosol,3608
C00221,beta-D-Glucose,C6H12O6,Cytosol,3521
C00984,alpha-D-Galactose,C6H12O6,Cytosol,4231
C00095,D-Fructose,C6H12O6,Cytosol,3395
C05345,beta-D-Fructose 6-phosphate,C6H13O9P,Cytosol,7723
C02336,beta-D-Fructose,C6H12O6,Cytosol,5386
C00016,FAD,C27H33N9O15P2,Cytosol,3318
C00111,Glycerone phosphate,C3H7O6P,Cytosol,3411
C01352,FADH2,C27H35N9O15P2,Cytosol,4556
C03372,Acylglycerone phosphate,C4H6O7PR,Cytosol,6207
C00339,Long-chain alcohol,CH3OR,Cytosol,3632
C03715,O-Alkylglycerone phosphate,C3H6O6PR,Cytosol,6481
C03129,Long-chain acid anion,C3H4O2R(C2H4)n,Cytosol,6021
C01885,1-Acylglycerol,C4H7O4R,Cytosol,4998
C00116,Glycerol,C3H8O3,Cytosol,3416
C00162,Fatty acid,CHO2R,Cytosol,3462
C00641,"1,2-Diacyl-sn-glycerol",C5H6O5R2,Cytosol,3914
C06364,"1,2-Diacyl-3-alpha-D-glucosyl-sn-glycerol",C11H16O10R2,Cytosol,8600
G10608,Glycan,(UDP-Glc)1,Cytosol,
G13187,Glycan,(DAG)1 (Glc)1,Cytosol,
C16519,2-Succinyl-5-enolpyruvyl-6-hydroxy-3-cyclohexene-1-carboxylate,C14H16O9,Cytosol,51090848
C20386,Biotin sulfoxide,C10H16N2O4S,Cytosol,163312124
C00120,Biotin,C10H16N2O3S,Cytosol,3420
C01847,Reduced FMN,C17H23N4O9P,Cytosol,4964
C03114,Dimethylbenzimidazole,C9H10N2,Cytosol,6009
C00279,D-Erythrose 4-phosphate,C4H9O7P,Cytosol,3574
C00446,alpha-D-Galactose 1-phosphate,C6H13O9P,Cytosol,3734
C00103,D-Glucose 1-phosphate,C6H13O9P,Cytosol,3403
C03479,Folinic acid,C20H23N7O7,Cytosol,6294
C00445,"5,10-Methenyltetrahydrofolate",C20H22N7O6,Cytosol,3733
C00075,UTP,C9H15N2O15P3,Cytosol,3375
C03862,Dolichyl phosphate D-mannose,C26H47O9P(C5H8)n,Cytosol,6598
C02189,[Protein]-L-serine,C4H6N2O3R2,Cytosol,5260
C00110,Dolichyl phosphate,C20H37O4P(C5H8)n,Cytosol,3410
C02863,3-O-(alpha-D-Mannosyl)-L-serinyl-[protein],C10H16N2O8R2,Cytosol,5800
G10617,Glycan,(Man)1 (P-Dol)1,Cytosol,
G10622,Glycan,(P-Dol)1,Cytosol,
G13027,Glycan,(Man)1 (Ser/Thr)1,Cytosol,
C19803,[Protein]-L-threonine,C5H8N2O3R2,Cytosol,135626270
C20722,3-O-(alpha-D-Mannosyl)-L-threonyl-[protein],C11H18N2O8R2,Cytosol,254741191
C11355,4-Amino-4-deoxychorismate,C10H11NO5,Cytosol,13530
C01647,tRNA(Met),,Cytosol,4796
C02430,L-Methionyl-tRNA,C20H30N6O11PSR(C5H8O6PR)n,Cytosol,5457
C05335,L-Selenomethionine,C5H11NO2Se,Cytosol,7713
C05336,Selenomethionyl-tRNA(Met),C20H30N6O11PSeR(C5H8O6PR)n,Cytosol,7714
C01013,3-Hydroxypropanoate,C3H6O3,Cytosol,4258
C00222,3-Oxopropanoate,C3H4O3,Cytosol,3522
C00117,D-Ribose 5-phosphate,C5H11O8P,Cytosol,3417
C04501,N-Acetyl-alpha-D-glucosamine 1-phosphate,C8H16NO9P,Cytosol,7115
C00043,UDP-N-acetyl-alpha-D-glucosamine,C17H27N3O17P2,Cytosol,3345
C06156,alpha-D-Glucosamine 1-phosphate,C6H14NO8P,Cytosol,8412
C00412,Stearoyl-CoA,C39H70N7O17P3S,Cytosol,3702
C00999,Ferrocytochrome b5,,Cytosol,4245
C00510,Oleoyl-CoA,C39H68N7O17P3S,Cytosol,3793
C00996,Ferricytochrome b5,,Cytosol,4242
C00154,Palmitoyl-CoA,C37H66N7O17P3S,Cytosol,3454
C21072,Palmitoleoyl-CoA,C37H64N7O17P3S,Cytosol,295369334
C00455,Nicotinamide D-ribonucleotide,C11H15N2O8P,Cytosol,3741
C00105,UMP,C9H13N2O9P,Cytosol,3405
C00857,Deamino-NAD+,C21H27N6O15P2,Cytosol,4114
C01185,Nicotinate D-ribonucleotide,C11H15NO9P,Cytosol,4411
C00882,Dephospho-CoA,C21H35N7O13P2S,Cytosol,4138
C00459,dTTP,C10H17N2O14P3,Cytosol,3743
C00364,dTMP,C10H15N2O8P,Cytosol,3655
C00631,2-Phospho-D-glycerate,C3H7O7P,Cytosol,3904
C00074,Phosphoenolpyruvate,C3H5O6P,Cytosol,3374
C04494,Guanosine 3'-diphosphate 5'-triphosphate,C10H18N5O20P5,Cytosol,7111
C01228,"Guanosine 3',5'-bis(diphosphate)",C10H17N5O17P4,Cytosol,4450
C00152,L-Asparagine,C4H8N2O3,Cytosol,3452
C00136,Butanoyl-CoA,C25H42N7O17P3S,Cytosol,3436
C05269,3-Oxohexanoyl-CoA,C27H44N7O18P3S,Cytosol,7656
C00283,Hydrogen sulfide,H2S,Cytosol,3578
C00097,L-Cysteine,C3H7NO2S,Cytosol,3397
C00155,L-Homocysteine,C4H9NO2S,Cytosol,3455
C02291,L-Cystathionine,C7H14N2O4S,Cytosol,5347
C05698,Selenohomocysteine,C4H9NO2Se,Cytosol,8005
C05699,L-Selenocystathionine,C7H14N2O4Se,Cytosol,8006
C01118,O-Succinyl-L-homoserine,C8H13NO6,Cytosol,4349
C00109,2-Oxobutanoate,C4H6O3,Cytosol,3409
C00042,Succinate,C4H6O4,Cytosol,3344
C01077,O-Acetyl-L-homoserine,C6H11NO4,Cytosol,4315
C00320,Thiosulfate,HS2O3,Cytosol,3614
C00094,Sulfite,H2SO3,Cytosol,3394
C00542,Cystathionine,C7H14N2O4S,Cytosol,3823
C05702,O-Phosphorylhomoserine,C4H10NO6P,Cytosol,8009
C05688,L-Selenocysteine,C3H7NO2Se,Cytosol,7995
C00188,L-Threonine,C4H9NO3,Cytosol,3488
C05852,2-Hydroxyphenylacetate,C8H8O3,Cytosol,8145
C00544,Homogentisate,C8H8O4,Cytosol,3825
C00310,D-Xylulose,C5H10O5,Cytosol,3604
C00231,D-Xylulose 5-phosphate,C5H11O8P,Cytosol,3530
C00341,Geranyl diphosphate,C10H20O7P2,Cytosol,3634
C00129,Isopentenyl diphosphate,C5H12O7P2,Cytosol,3429
C16826,"2-cis,6-trans-Farnesyl diphosphate",C15H28O7P2,Cytosol,96023350
C00122,Fumarate,C4H4O4,Cytosol,3422
C00354,"D-Fructose 1,6-bisphosphate",C6H14O12P2,Cytosol,3647
C05378,"beta-D-Fructose 1,6-bisphosphate",C6H14O12P2,Cytosol,7752
C11811,1-Hydroxy-2-methyl-2-butenyl 4-diphosphate,C5H12O8P2,Cytosol,13975
C00138,Reduced ferredoxin,,Cytosol,3438
C00139,Oxidized ferredoxin,,Cytosol,3439
C00235,Dimethylallyl diphosphate,C5H12O7P2,Cytosol,3534
C04506,Protein C-terminal S-farnesyl-L-cysteine,C20H33N2O3SR(C2H2NOR)n,Cytosol,7120
C00132,Methanol,CH4O,Cytosol,3432
C04748,Protein C-terminal S-farnesyl-L-cysteine methyl ester,C21H35N2O3SR(C2H2NOR)n,Cytosol,7318
C00048,Glyoxylate,C2H2O3,Cytosol,3350
C00515,D-Ornithine,C5H12N2O2,Cytosol,3798
C01110,5-Amino-2-oxopentanoic acid,C5H9NO3,Cytosol,4342
C00763,D-Proline,C5H9NO2,Cytosol,4025
C03564,1-Pyrroline-2-carboxylate,C5H7NO2,Cytosol,6356
C00792,D-Arginine,C6H14N4O2,Cytosol,4050
C03771,5-Guanidino-2-oxopentanoate,C6H11N3O3,Cytosol,6525
C03440,cis-4-Hydroxy-D-proline,C5H9NO3,Cytosol,6264
C04282,1-Pyrroline-4-hydroxy-2-carboxylate,C5H7NO3,Cytosol,6944
C00916,Cephalosporin C,C16H21N3O8S,Cytosol,4170
C04712,(7R)-7-(5-Carboxy-5-oxopentanoyl)aminocephalosporinate,C16H18N2O9S,Cytosol,7284
C15522,4a-Hydroxytetrahydrobiopterin,C9H15N5O4,Cytosol,17396514
C00268,Dihydrobiopterin,C9H13N5O3,Cytosol,3566
C00091,Succinyl-CoA,C25H40N7O19P3S,Cytosol,3391
C03972,"2,3,4,5-Tetrahydrodipicolinate",C7H9NO4,Cytosol,6692
C04462,N-Succinyl-2-L-amino-6-oxoheptanedioate,C11H15NO8,Cytosol,7087
C04421,"N-Succinyl-LL-2,6-diaminoheptanedioate",C11H18N2O7,Cytosol,7053
C00666,"LL-2,6-Diaminoheptanedioate",C7H14N2O4,Cytosol,3935
C20062,"2-(1,2-Epoxy-1,2-dihydrophenyl)acetyl-CoA",C29H42N7O18P3S,Cytosol,135626528
C19975,2-Oxepin-2(3H)-ylideneacetyl-CoA,C29H42N7O18P3S,Cytosol,135626441
C19945,"3-Oxo-5,6-dehydrosuberyl-CoA",C29H44N7O20P3S,Cytosol,135626411
C14144,5-Carboxy-2-pentenoyl-CoA,C27H42N7O19P3S,Cytosol,7846956
C05726,S-Substituted L-cysteine,C3H6NO2SR,Cytosol,8029
C00088,Nitrite,HNO2,Cytosol,3388
C00244,Nitrate,HNO3,Cytosol,3543
C00125,Ferricytochrome c,C42H44FeN8O8S2R4,Cytosol,3425
C00126,Ferrocytochrome c,C42H44FeN8O8S2R4,Cytosol,3426
C15603,Hydroquinone,,Cytosol,17396595
C15602,Quinone,,Cytosol,17396594
C21113,NMNH,C11H17N2O8P,Cytosol,312642082
C00363,dTDP,C10H16N2O11P2,Cytosol,3654
C00365,dUMP,C9H13N2O8P,Cytosol,3656
C06001,(S)-3-Hydroxyisobutyrate,C4H8O3,Cytosol,8275
C06002,(S)-Methylmalonate semialdehyde,C4H6O3,Cytosol,8276
C06481,L-Seryl-tRNA(Sec),C13H22NO12PR2(C5H8O6PR)n,Cytosol,8712
C05172,Selenophosphoric acid,H3PO3Se,Cytosol,7583
C06482,L-Selenocysteinyl-tRNA(Sec),C13H22NO11PSeR2(C5H8O6PR)n,Cytosol,8713
C01271,(3R)-3-Hydroxyacyl-[acyl-carrier protein],C3H4O2SR2,Cytosol,4490
C00685,3-Oxoacyl-[acyl-carrier protein],C3H2O2SR2,Cytosol,3954
C04618,(3R)-3-Hydroxybutanoyl-[acyl-carrier protein],C4H7O2SR,Cytosol,7208
C05744,Acetoacetyl-[acp],C4H5O2SR,Cytosol,8039
C04619,(3R)-3-Hydroxydecanoyl-[acyl-carrier protein],C10H19O2SR,Cytosol,7209
C05753,3-Oxodecanoyl-[acp],C10H17O2SR,Cytosol,8048
C04620,(3R)-3-Hydroxyoctanoyl-[acyl-carrier protein],C8H15O2SR,Cytosol,7210
C05750,3-Oxooctanoyl-[acp],C8H13O2SR,Cytosol,8045
C04633,(3R)-3-Hydroxypalmitoyl-[acyl-carrier protein],C16H31O2SR,Cytosol,7222
C05762,3-Oxohexadecanoyl-[acp],C16H29O2SR,Cytosol,8057
C04688,(3R)-3-Hydroxytetradecanoyl-[acyl-carrier protein],C14H27O2SR,Cytosol,7269
C05759,3-Oxotetradecanoyl-[acp],C14H25O2SR,Cytosol,8054
C05747,(3R)-3-Hydroxyhexanoyl-[acyl-carrier protein],C6H11O2SR,Cytosol,8042
C05746,3-Oxohexanoyl-[acp],C6H9O2SR,Cytosol,8041
C05757,(3R)-3-Hydroxydodecanoyl-[acyl-carrier protein],C12H23O2SR,Cytosol,8052
C05756,3-Oxododecanoyl-[acp],C12H21O2SR,Cytosol,8051
C16219,3-Oxostearoyl-[acp],C18H33O2SR,Cytosol,47205527
C16220,(3R)-3-Hydroxyoctadecanoyl-[acyl-carrier protein],C18H35O2SR,Cytosol,47205528
C20372,3-Ketoglutaryl-[acp] methyl ester,C6H7O4SR,Cytosol,163312110
C20373,3-Hydroxyglutaryl-[acp] methyl ester,C6H9O4SR,Cytosol,163312111
C20376,3-Ketopimeloyl-[acp] methyl ester,C8H11O4SR,Cytosol,163312114
C20377,3-Hydroxypimeloyl-[acp] methyl ester,C8H13O4SR,Cytosol,163312115
C00083,Malonyl-CoA,C24H38N7O19P3S,Cytosol,3383
C05223,Dodecanoyl-[acyl-carrier protein],C12H23OSR,Cytosol,7620
C00059,Sulfate,H2SO4,Cytosol,3359
C00067,Formaldehyde,CH2O,Cytosol,3367
C00632,3-Hydroxyanthranilate,C7H7NO3,Cytosol,3905
C05640,Cinnavalininate,C14H8N2O6,Cytosol,7951
C00704,Superoxide,O2,Cytosol,3971
C00468,Estrone,C18H22O2,Cytosol,3751
C05300,16alpha-Hydroxyestrone,C18H22O3,Cytosol,7684
C01227,Dehydroepiandrosterone,C19H28O2,Cytosol,4449
C05139,16alpha-Hydroxydehydroepiandrosterone,C19H28O3,Cytosol,7558
C07047,Ifosfamide,C7H15Cl2N2O2P,Cytosol,9259
C16550,Dechloroethylcyclophosphamide,C5H12ClN2O2P,Cytosol,51090879
C06754,Chloroacetaldehyde,C2H3ClO,Cytosol,8975
C16555,2-Dechloroethylifosfamide,C5H12ClN2O2P,Cytosol,51090884
C00777,Retinoate,C20H28O2,Cytosol,4038
C03024,[Reduced NADPH---hemoprotein reductase],,Cytosol,5930
C16679,all-trans-18-Hydroxyretinoic acid,C20H28O3,Cytosol,51091002
C03161,[Oxidized NADPH---hemoprotein reductase],,Cytosol,6046
C16680,"all-trans-5,6-Epoxyretinoic acid",C20H28O3,Cytosol,51091003
C16677,all-trans-4-Hydroxyretinoic acid,C20H28O3,Cytosol,51091000
C06800,Aflatoxin B1,C17H12O6,Cytosol,9019
C19585,Aflatoxin Q1,C17H12O7,Cytosol,124490257
C19586,"Aflatoxin B1-exo-8,9-epoxide",C17H12O7,Cytosol,124490258
C00153,Nicotinamide,C6H6N2O,Cytosol,3453
C00253,Nicotinate,C6H5NO2,Cytosol,3552
C00198,"D-Glucono-1,5-lactone",C6H10O6,Cytosol,3498
C00257,D-Gluconic acid,C6H12O7,Cytosol,3556
C01040,"L-Gulono-1,4-lactone",C6H10O6,Cytosol,4282
C00800,L-Gulonate,C6H12O7,Cytosol,4058
C01880,epsilon-Caprolactone,C6H10O2,Cytosol,4993
C06103,6-Hydroxyhexanoic acid,C6H12O3,Cytosol,8367
C00217,D-Glutamate,C5H9NO4,Cytosol,3517
C00081,ITP,C10H15N4O14P3,Cytosol,3381
C00700,XTP,C10H15N4O15P3,Cytosol,3968
C01345,dITP,C10H15N4O13P3,Cytosol,4550
C06196,2'-Deoxyinosine 5'-phosphate,C10H13N4O7P,Cytosol,8446
C16617,6-Mercaptopurine ribonucleoside triphosphate,C10H15N4O13P3S,Cytosol,51090943
C00106,Uracil,C4H4N2O2,Cytosol,3406
C01168,Pseudouridine 5'-phosphate,C9H13N2O9P,Cytosol,4395
C00355,"3,4-Dihydroxy-L-phenylalanine",C9H11NO4,Cytosol,3648
C17758,"4,5-seco-Dopa",C9H11NO6,Cytosol,96024085
C01586,Hippurate,C9H9NO3,Cytosol,4741
C00180,Benzoate,C7H6O2,Cytosol,3480
C21485,Cytidylyl molybdenum cofactor,C19H24MoN8O15P2S2,Cytosol,333497468
C00366,Urate,C5H4N4O3,Cytosol,3657
C00077,L-Ornithine,C5H12N2O2,Cytosol,3377
C00121,D-Ribose,C5H10O5,Cytosol,3421
C00673,2-Deoxy-D-ribose 5-phosphate,C5H11O7P,Cytosol,3942
C01801,Deoxyribose,C5H10O4,Cytosol,4927
C04039,"2,3-Dihydroxy-3-methylbutanoate",C5H10O4,Cytosol,6741
C04272,"(R)-2,3-Dihydroxy-3-methylbutanoate",C5H10O4,Cytosol,6935
C06007,"(R)-2,3-Dihydroxy-3-methylpentanoate",C6H12O4,Cytosol,8280
C00671,(S)-3-Methyl-2-oxopentanoic acid,C6H10O3,Cytosol,3940
C00378,Thiamine,C12H17N4OS,Cytosol,3668
C04294,5-(2-Hydroxyethyl)-4-methylthiazole,C6H9NOS,Cytosol,6954
C20267,4-Amino-5-aminomethyl-2-methylpyrimidine,C6H10N4,Cytosol,163312007
C00032,Heme,C34H32FeN4O4,Cytosol,3334
C00448,"trans,trans-Farnesyl diphosphate",C15H28O7P2,Cytosol,3736
C15672,Heme O,C49H58FeN4O5,Cytosol,47204998
C01011,(3S)-Citramalyl-CoA,C26H42N7O20P3S,Cytosol,4256
C00490,Itaconate,C5H6O4,Cytosol,3773
C00531,Itaconyl-CoA,C26H40N7O19P3S,Cytosol,3813
C02614,(S)-2-Methylmalate,C5H8O5,Cytosol,5599
C02505,2-Phenylacetamide,C8H9NO,Cytosol,5517
C07086,Phenylacetic acid,C8H8O2,Cytosol,9297
C02693,(Indol-3-yl)acetamide,C10H10N2O,Cytosol,5661
C00954,Indole-3-acetate,C10H9NO2,Cytosol,4205
C03078,4-Guanidinobutanamide,C5H12N4O,Cytosol,5976
C01035,4-Guanidinobutanoate,C5H11N3O2,Cytosol,4278
C03620,Monocarboxylic acid amide,CH2NOR,Cytosol,6404
C00060,Carboxylate,CO2R,Cytosol,3360
C00511,Acrylic acid,C3H4O2,Cytosol,3794
C01659,Acrylamide,C3H5NO,Cytosol,4808
C09815,Benzamide,C7H7NO,Cytosol,12003
C02962,D-Allose 6-phosphate,C6H13O9P,Cytosol,5878
C18096,D-Allulose 6-phosphate,C6H13O9P,Cytosol,96024313
C00101,Tetrahydrofolate,C19H23N7O6,Cytosol,3401
C09332,THF-L-glutamate,C24H30N8O9,Cytosol,11523
C00415,Dihydrofolate,C19H21N7O6,Cytosol,3705
C03541,THF-polyglutamate,C24H30N8O9(C5H7NO3)n-2,Cytosol,6345
C11038,2'-Deoxy-5-hydroxymethylcytidine-5'-diphosphate,C10H17N3O11P2,Cytosol,13221
C11039,2'-Deoxy-5-hydroxymethylcytidine-5'-triphosphate,C10H18N3O14P3,Cytosol,13222
C00454,NDP,C5H11O10P2R,Cytosol,3740
C00201,Nucleoside triphosphate,C5H12O13P3R,Cytosol,3501
C00104,IDP,C10H14N4O11P2,Cytosol,3404
C00131,dATP,C10H16N5O12P3,Cytosol,3431
C00286,dGTP,C10H16N5O13P3,Cytosol,3581
C00458,dCTP,C9H16N3O13P3,Cytosol,3742
C00460,dUTP,C9H15N2O14P3,Cytosol,3744
C01344,dIDP,C10H14N4O10P2,Cytosol,4549
C21748,5-Fluorouridine diphosphate,C9H13FN2O12P2,Cytosol,354264342
C21749,5-Fluorouridine triphosphate,C9H14FN2O15P3,Cytosol,354264343
C21750,5-Fluorodeoxyuridine diphosphate,C9H13FN2O11P2,Cytosol,354264344
C21751,5-Fluorodeoxyuridine triphosphate,C9H14FN2O14P3,Cytosol,354264345
C22442,dZDP,C10H16N6O9P2,Cytosol,497619801
C22443,dZTP,C10H17N6O12P3,Cytosol,497619802
C01996,Acetylcholine,C7H16NO2,Cytosol,5093
C03287,L-Glutamyl 5-phosphate,C5H10NO7P,Cytosol,6144
C01165,L-Glutamate 5-semialdehyde,C5H9NO3,Cytosol,4392
C01102,O-Phospho-L-homoserine,C4H10NO6P,Cytosol,4336
C06056,4-Hydroxy-L-threonine,C4H9NO4,Cytosol,8326
C06032,D-erythro-3-Methylmalate,C5H8O5,Cytosol,8304
C04411,"(2R,3S)-3-Isopropylmalate",C7H12O5,Cytosol,7045
C04236,(2S)-2-Isopropyl-3-oxosuccinate,C7H10O5,Cytosol,6905
C00233,4-Methyl-2-oxopentanoate,C6H10O3,Cytosol,3532
C04593,"(2S,3R)-3-Hydroxybutane-1,2,3-tricarboxylate",C7H10O7,Cytosol,7191
C00311,Isocitrate,C6H8O7,Cytosol,3605
C18091,Ethylnitronate,C2H4NO2,Cytosol,96024308
C00084,Acetaldehyde,C2H4O,Cytosol,3384
C00061,FMN,C17H21N4O9P,Cytosol,3361
C00349,2-Methyl-3-oxopropanoate,C4H6O3,Cytosol,3642
C05668,3-Hydroxypropionyl-CoA,C24H40N7O18P3S,Cytosol,7976
C06000,(S)-3-Hydroxyisobutyryl-CoA,C25H42N7O18P3S,Cytosol,8274
C00224,Adenylyl sulfate,C10H14N5O10PS,Cytosol,3524
C00053,3'-Phosphoadenylyl sulfate,C10H15N5O13P2S,Cytosol,3355
C05686,Adenylylselenate,C10H14N5O10PSe,Cytosol,7993
C05696,3'-Phosphoadenylylselenate,C10H15N5O13P2Se,Cytosol,8003
C05697,Selenate,H2SeO4,Cytosol,8004
C00054,"Adenosine 3',5'-bisphosphate",C10H15N5O10P2,Cytosol,3356
C01528,Hydrogen selenide,H2Se,Cytosol,4690
C05684,Selenite,SeO3,Cytosol,7991
C00330,Deoxyguanosine,C10H13N5O4,Cytosol,3624
C00536,Triphosphate,H5P3O10,Cytosol,3818
C00195,N-Acylsphingosine,C19H36NO3R,Cytosol,3495
C00319,Sphingosine,C18H37NO2,Cytosol,3613
C12126,Dihydroceramide,C19H38NO3R,Cytosol,14273
C00836,Sphinganine,C18H39NO2,Cytosol,4094
C12145,Phytoceramide,C19H38NO4R,Cytosol,14292
C12144,Phytosphingosine,C18H39NO3,Cytosol,14291
C00683,(S)-Methylmalonyl-CoA,C25H40N7O19P3S,Cytosol,3952
C04419,Carboxybiotin-carboxyl-carrier protein,C18H26N5O6SR2,Cytosol,7051
C06250,Holo-[carboxylase],C17H27N5O4SR2,Cytosol,8489
C00173,Acyl-[acyl-carrier protein],C3H4OSR2,Cytosol,3473
C01209,Malonyl-[acyl-carrier protein],C3H3O3SR,Cytosol,4431
C00229,Acyl-carrier protein,HSR,Cytosol,3528
C03939,Acetyl-[acyl-carrier protein],C2H3OSR,Cytosol,6663
C05745,Butyryl-[acp],C4H7OSR,Cytosol,8040
C05749,Hexanoyl-[acp],C6H11OSR,Cytosol,8044
C05752,Octanoyl-[acp],C8H15OSR,Cytosol,8047
C05755,Decanoyl-[acp],C10H19OSR,Cytosol,8050
C05761,Tetradecanoyl-[acp],C14H27OSR,Cytosol,8056
C05764,Hexadecanoyl-[acp],C16H31OSR,Cytosol,8059
C19673,Malonyl-[acp] methyl ester,C4H5O3SR,Cytosol,135626141
C20375,Glutaryl-[acp] methyl ester,C6H9O3SR,Cytosol,163312113
C02247,Anthraniloyl-CoA,C28H41N8O17P3S,Cytosol,5310
C21873,2-Methylquinolin-4-ol,C10H9NO,Cytosol,
C00068,Thiamin diphosphate,C12H19N4O7P2S,Cytosol,3368
C05125,2-(alpha-Hydroxyethyl)thiamine diphosphate,C14H23N4O8P2S,Cytosol,7546
C15972,Enzyme N6-(lipoyl)lysine,C8H14NOS2R,Cytosol,47205285
C16255,[Dihydrolipoyllysine-residue acetyltransferase] S-acetyldihydrolipoyllysine,C10H18NO2S2R,Cytosol,47205563
C00353,Geranylgeranyl diphosphate,C20H36O7P2,Cytosol,3646
C04691,2-Dehydro-3-deoxy-D-arabino-heptonate 7-phosphate,C7H13O10P,Cytosol,7271
C01879,5-Oxoproline,C5H7NO3,Cytosol,4992
C06507,Adenosyl cobyrinate hexaamide,C55H77CoN15O11,Cytosol,8738
C04122,D-1-Aminopropan-2-ol O-phosphate,C3H10NO4P,Cytosol,6809
C06509,Adenosyl cobinamide phosphate,C58H85CoN16O14P,Cytosol,8740
C03194,(R)-1-Aminopropan-2-ol,C3H9NO,Cytosol,6071
C06508,Adenosyl cobinamide,C58H84CoN16O11,Cytosol,8739
C04778,"N1-(5-Phospho-alpha-D-ribosyl)-5,6-dimethylbenzimidazole",C14H19N2O7P,Cytosol,7342
C05775,alpha-Ribazole,C14H18N2O4,Cytosol,8070
C00143,"5,10-Methylenetetrahydrofolate",C20H23N7O6,Cytosol,3443
C00966,2-Dehydropantoate,C6H10O4,Cytosol,4217
C16236,[Protein]-N6-(octanoyl)-L-lysine,C8H16NOR,Cytosol,47205544
C22154,[Fe-S] cluster scaffold protein carrying a [4Fe-4S]2+ cluster,,Cytosol,405226345
C22150,Reduced [2Fe-2S] ferredoxin,,Cytosol,405226341
C16832,[Protein]-N6-[(R)-dihydrolipoyl]-L-lysine,C8H16NOS2R,Cytosol,96023356
C22155,[Fe-S] cluster scaffold protein,,Cytosol,405226346
C22151,Oxidized [2Fe-2S] ferredoxin,,Cytosol,405226342
C22160,[Lipoyl-carrier protein E2]-N6-octanoyl-L-lysine,C8H16NOR,Cytosol,405226351
C15973,Enzyme N6-(dihydrolipoyl)lysine,C8H16NOS2R,Cytosol,47205286
C22159,[Glycine cleavage system H]-N6-octanoyl-L-lysine,C8H16NOR,Cytosol,405226350
C02972,Dihydrolipoylprotein,C8H16NOS2R,Cytosol,5884
C16240,[Lipoyl-carrier protein]-L-lysine,NH2R,Cytosol,47205548
C16239,Lipoyl-[acp],C8H13OS3R,Cytosol,47205547
C16237,Protein N6-(lipoyl)lysine,C8H14NOS2R,Cytosol,47205545
C22158,Lipoyl-carrier protein E2,NH2R,Cytosol,405226349
C22157,Glycine cleavage system H,NH2R,Cytosol,405226348
C00630,2-Methylpropanoyl-CoA,C25H42N7O17P3S,Cytosol,3903
C02939,3-Methylbutanoyl-CoA,C26H44N7O17P3S,Cytosol,5858
C00579,Dihydrolipoamide,C8H17NOS2,Cytosol,3858
C00248,Lipoamide,C8H15NOS2,Cytosol,3547
C00322,2-Oxoadipate,C6H8O5,Cytosol,3616
C00527,Glutaryl-CoA,C26H42N7O19P3S,Cytosol,3810
C15980,(S)-2-Methylbutanoyl-CoA,C26H44N7O17P3S,Cytosol,47205293
C02051,Lipoylprotein,C8H14NOS2R,Cytosol,5140
C00123,L-Leucine,C6H13NO2,Cytosol,3423
C00183,L-Valine,C5H11NO2,Cytosol,3483
C00407,L-Isoleucine,C6H13NO2,Cytosol,3697
C17211,2-Oxo-5-methylthiopentanoic acid,C6H10O3S,Cytosol,96023619
C17213,Homomethionine,C6H13NO2S,Cytosol,96023621
C00161,2-Oxo acid,C2HO3R,Cytosol,3461
C17216,2-Oxo-6-methylthiohexanoic acid,C7H12O3S,Cytosol,96023624
C17217,Dihomomethionine,C7H15NO2S,Cytosol,96023625
C02356,(S)-2-Aminobutanoate,C4H9NO2,Cytosol,5403
C00194,Cobamide coenzyme,C72H100CoN18O17P,Cytosol,3494
C06510,Adenosine-GDP-cobinamide,C68H97CoN21O21P2,Cytosol,8741
C21153,Adenosylcobalamin 5'-phosphate,C72H101CoN18O20P2,Cytosol,313369413
C00212,Adenosine,C10H13N5O4,Cytosol,3512
C00369,Starch,(C12H20O10)n,Cytosol,3659
C00721,Dextrin,(C12H20O10)n,Cytosol,3987
C00208,Maltose,C12H22O11,Cytosol,3508
C01935,Maltodextrin,H2O(C6H10O5)n,Cytosol,5040
C00021,S-Adenosyl-L-homocysteine,C14H20N6O5S,Cytosol,3323
C03172,S-Methyl-L-methionine,C6H14NO2S,Cytosol,6054
C04302,N-(5-Phospho-D-ribosyl)anthranilate,C12H16NO9P,Cytosol,6961
C00638,Long-chain fatty acid,C3H5O2R,Cytosol,3911
C02843,Long-chain acyl-CoA,C23H38N7O17P3S(CH2)2n,Cytosol,5783
C00249,Hexadecanoic acid,C16H32O2,Cytosol,3548
C00416,Phosphatidate,C5H7O8PR2,Cytosol,3706
C00681,1-Acyl-sn-glycerol 3-phosphate,C4H8O7PR,Cytosol,3950
C00040,Acyl-CoA,C22H35N7O17P3SR,Cytosol,3342
C01097,D-Tagatose 6-phosphate,C6H13O9P,Cytosol,4332
C03785,"D-Tagatose 1,6-bisphosphate",C6H14O12P2,Cytosol,6535
C16144,"4,4'-Diapophytoene",C30H48,Cytosol,47205454
C16145,"4,4'-Diaponeurosporene",C30H42,Cytosol,47205455
C19797,"4,4'-Diapolycopene",C30H40,Cytosol,135626264
C19840,"4,4'-Diapophytofluene",C30H46,Cytosol,135626307
C19841,"4,4'-Diapo-zeta-carotene",C30H44,Cytosol,135626308
C00440,5-Methyltetrahydrofolate,C20H25N7O6,Cytosol,3729
C01127,4-Hydroxy-2-oxoglutarate,C5H6O6,Cytosol,4358
C04442,2-Dehydro-3-deoxy-6-phospho-D-gluconate,C6H11O9P,Cytosol,7071
C00118,D-Glyceraldehyde 3-phosphate,C3H7O6P,Cytosol,3418
C17324,tRNA adenine,C10H14N5O7P(C5H8O6PR)n(C5H8O6PR)n,Cytosol,96023688
C04432,tRNA containing 6-isopentenyladenosine,C15H22N5O7P(C5H8O6PR)n(C5H8O6PR)n,Cytosol,7063
C00680,"meso-2,6-Diaminoheptanedioate",C7H14N2O4,Cytosol,3949
C00842,dTDP-glucose,C16H26N2O16P2,Cytosol,4099
C02097,dTDP-galactose,C16H26N2O16P2,Cytosol,5181
C00177,Cyanide ion,CN,Cytosol,3477
C01755,Thiocyanate,CHNS,Cytosol,4888
C00957,Mercaptopyruvate,C3H4O3S,Cytosol,4208
C00404,Polyphosphate,H4P2O7(HPO3)n,Cytosol,3694
C01172,beta-D-Glucose 6-phosphate,C6H13O9P,Cytosol,4399
C01177,Inositol 1-phosphate,C6H13O9P,Cytosol,4404
C00137,myo-Inositol,C6H12O6,Cytosol,3437
C03546,myo-Inositol 4-phosphate,C6H13O9P,Cytosol,6349
C04006,1D-myo-Inositol 3-phosphate,C6H13O9P,Cytosol,6716
C04242,5-Fluorodeoxyuridine monophosphate,C9H12FN2O8P,Cytosol,6908
C01144,(S)-3-Hydroxybutanoyl-CoA,C25H42N7O18P3S,Cytosol,4375
C00877,Crotonoyl-CoA,C25H40N7O17P3S,Cytosol,4133
C05262,(S)-3-Hydroxydodecanoyl-CoA,C33H58N7O18P3S,Cytosol,7649
C03221,2-trans-Dodecenoyl-CoA,C33H56N7O17P3S,Cytosol,6094
C05258,(S)-3-Hydroxyhexadecanoyl-CoA,C37H66N7O18P3S,Cytosol,7645
C05259,3-Oxopalmitoyl-CoA,C37H64N7O18P3S,Cytosol,7646
C05272,trans-Hexadec-2-enoyl-CoA,C37H64N7O17P3S,Cytosol,7659
C05260,(S)-3-Hydroxytetradecanoyl-CoA,C35H62N7O18P3S,Cytosol,7647
C05261,3-Oxotetradecanoyl-CoA,C35H60N7O18P3S,Cytosol,7648
C05273,trans-Tetradec-2-enoyl-CoA,C35H60N7O17P3S,Cytosol,7660
C05263,3-Oxododecanoyl-CoA,C33H56N7O18P3S,Cytosol,7650
C05264,(S)-Hydroxydecanoyl-CoA,C31H54N7O18P3S,Cytosol,7651
C05265,3-Oxodecanoyl-CoA,C31H52N7O18P3S,Cytosol,7652
C05275,trans-Dec-2-enoyl-CoA,C31H52N7O17P3S,Cytosol,7662
C05266,(S)-3-Hydroxyoctanoyl-CoA,C29H50N7O18P3S,Cytosol,7653
C05267,3-Oxooctanoyl-CoA,C29H48N7O18P3S,Cytosol,7654
C05276,trans-Oct-2-enoyl-CoA,C29H48N7O17P3S,Cytosol,7663
C05268,(S)-Hydroxyhexanoyl-CoA,C27H46N7O18P3S,Cytosol,7655
C05271,trans-Hex-2-enoyl-CoA,C27H44N7O17P3S,Cytosol,7658
C16329,3-Hydroxy-OPC8-CoA,C39H64N7O19P3S,Cytosol,47205637
C16328,trans-2-Enoyl-OPC8-CoA,C39H62N7O18P3S,Cytosol,47205636
C16330,3-Oxo-OPC8-CoA,C39H62N7O19P3S,Cytosol,47205638
C16333,3-Hydroxy-OPC6-CoA,C37H60N7O19P3S,Cytosol,47205641
C16332,trans-2-Enoyl-OPC6-CoA,C37H58N7O18P3S,Cytosol,47205640
C16334,3-Oxo-OPC6-CoA,C37H58N7O19P3S,Cytosol,47205642
C16337,3-Hydroxy-OPC4-CoA,C35H56N7O19P3S,Cytosol,47205645
C16336,trans-2-Enoyl-OPC4-CoA,C35H54N7O18P3S,Cytosol,47205644
C16338,3-Oxo-OPC4-CoA,C35H54N7O19P3S,Cytosol,47205646
C03344,2-Methylacetoacetyl-CoA,C26H42N7O18P3S,Cytosol,6187
C01944,Octanoyl-CoA,C29H50N7O17P3S,Cytosol,5048
C01832,Lauroyl-CoA,C33H58N7O17P3S,Cytosol,4951
C02593,Tetradecanoyl-CoA,C35H62N7O17P3S,Cytosol,5585
C05337,Chenodeoxycholoyl-CoA,C45H74N7O19P3S,Cytosol,7715
C04644,"3alpha,7alpha-Dihydroxy-5beta-cholestanoyl-CoA",C48H80N7O19P3S,Cytosol,7233
C05274,Decanoyl-CoA,C31H54N7O17P3S,Cytosol,7661
C05270,Hexanoyl-CoA,C27H46N7O17P3S,Cytosol,7657
C16331,OPC6-CoA,C37H60N7O18P3S,Cytosol,47205639
C16335,OPC4-CoA,C35H56N7O18P3S,Cytosol,47205643
C16339,(+)-7-Isojasmonic acid CoA,C33H52N7O18P3S,Cytosol,47205647
C16169,"(4Z,7Z,10Z,13Z,16Z,19Z)-Docosahexaenoyl-CoA",C43H66N7O17P3S,Cytosol,47205479
C16376,"(6Z,9Z,12Z,15Z,18Z,21Z)-3-Oxotetracosahexaenoyl-CoA",C45H68N7O18P3S,Cytosol,47205684
C16173,"(4Z,7Z,10Z,13Z,16Z)-Docosapentaenoyl-CoA",C43H68N7O17P3S,Cytosol,47205483
C16389,"(6Z,9Z,12Z,15Z,18Z)-3-Oxotetracosapentaenoyl-CoA",C45H70N7O18P3S,Cytosol,47205687
C01051,Uroporphyrinogen III,C40H44N4O16,Cytosol,4293
C03263,Coproporphyrinogen III,C36H44N4O8,Cytosol,6127
C05766,Uroporphyrinogen I,C40H44N4O16,Cytosol,8061
C05768,Coproporphyrinogen I,C36H44N4O8,Cytosol,8063
C01079,Protoporphyrinogen IX,C34H40N4O4,Cytosol,4317
C02191,Protoporphyrin,C34H34N4O4,Cytosol,5261
C05770,Coproporphyrin III,C36H38N4O8,Cytosol,8065
C21284,Fe-coproporphyrin III,C36H36FeN4O8,Cytosol,318172264
C01236,"D-Glucono-1,5-lactone 6-phosphate",C6H11O9P,Cytosol,4457
C05116,3-Hydroxybutanoyl-CoA,C25H42N7O18P3S,Cytosol,7540
C14145,(3S)-3-Hydroxyadipyl-CoA,C27H44N7O20P3S,Cytosol,7846957
C02232,3-Oxoadipyl-CoA,C27H42N7O20P3S,Cytosol,5296
C06752,"1,2-Dichloroethane",C2H4Cl2,Cytosol,8973
C06753,2-Chloroethanol,C2H5ClO,Cytosol,8974
C01327,Hydrochloric acid,HCl,Cytosol,4538
C06609,"trans-1,3-Dichloropropene",C3H4Cl2,Cytosol,8835
C06611,trans-3-Chloro-2-propene-1-ol,C3H5ClO,Cytosol,8837
C06610,"cis-1,3-Dichloropropene",C3H4Cl2,Cytosol,8836
C06612,cis-3-Chloro-2-propene-1-ol,C3H5ClO,Cytosol,8838
C06597,"1,3,4,6-Tetrachloro-1,4-cyclohexadiene",C6H4Cl4,Cytosol,8823
C06598,"2,4,5-Trichloro-2,5-cyclohexadiene-1-ol",C6H5Cl3O,Cytosol,8824
C06599,"2,5-Dichloro-2,5-cyclohexadiene-1,4-diol",C6H6Cl2O2,Cytosol,8825
C06988,"beta-1,2,3,4,5,6-Hexachlorocyclohexane",C6H6Cl6,Cytosol,9201
C16181,"beta-2,3,4,5,6-Pentachlorocyclohexanol",C6H7Cl5O,Cytosol,47205490
C16182,"beta-2,3,5,6-Tetrachloro-1,4-cyclohexanediol",C6H8Cl4O2,Cytosol,47205491
C04253,Electron-transferring flavoprotein,,Cytosol,6918
C04570,Reduced electron-transferring flavoprotein,,Cytosol,7171
C02411,Glutaconyl-1-CoA,C26H40N7O19P3S,Cytosol,5444
C06153,scyllo-Inositol,C6H12O6,Cytosol,8409
C00691,"2,4,6/3,5-Pentahydroxycyclohexanone",C6H10O6,Cytosol,3959
C00227,Acetyl phosphate,C2H5O5P,Cytosol,3527
C02876,Propanoyl phosphate,C3H7O5P,Cytosol,5809
C13635,4-Hydroxyphenacyl alcohol,C8H8O3,Cytosol,586251
C00156,4-Hydroxybenzoate,C7H6O3,Cytosol,3456
C02565,N-Methylhydantoin,C4H6N2O2,Cytosol,5563
C01043,N-Carbamoylsarcosine,C4H8N2O3,Cytosol,4285
C00794,D-Sorbitol,C6H14O6,Cytosol,4052
C00379,Xylitol,C5H12O5,Cytosol,3669
C11874,Kaur-16-en-18-oic acid,C20H30O2,Cytosol,14036
C11875,ent-7alpha-Hydroxykaur-16-en-19-oic acid,C20H30O3,Cytosol,14037
C06093,Gibberellin A12 aldehyde,C20H28O3,Cytosol,8359
C11876,"6beta,7beta-Dihydroxykaurenoic acid",C20H30O4,Cytosol,14038
C11857,Gibberellin A12,C20H28O4,Cytosol,14019
C00565,Trimethylamine,C3H9N,Cytosol,3844
C01104,Trimethylamine N-oxide,C3H9NO,Cytosol,4338
C00894,Propenoyl-CoA,C24H38N7O17P3S,Cytosol,4150
C03561,(R)-3-Hydroxybutanoyl-CoA,C25H42N7O18P3S,Cytosol,6354
C05998,3-Hydroxyisovaleryl-CoA,C26H44N7O18P3S,Cytosol,8272
C03069,3-Methylcrotonyl-CoA,C26H42N7O17P3S,Cytosol,5969
C04405,"(2S,3S)-3-Hydroxy-2-methylbutanoyl-CoA",C26H44N7O18P3S,Cytosol,7041
C03345,2-Methylbut-2-enoyl-CoA,C26H42N7O17P3S,Cytosol,6188
C03460,2-Methylprop-2-enoyl-CoA,C25H40N7O17P3S,Cytosol,6280
C06714,3-Hydroxypimeloyl-CoA,C28H46N7O20P3S,Cytosol,8938
C06715,3-Oxopimeloyl-CoA,C28H44N7O20P3S,Cytosol,8939
C11946,"cis-2-Methyl-5-isopropylhexa-2,5-dienoyl-CoA",C31H50N7O17P3S,Cytosol,14107
C11947,"3-Hydroxy-2,6-dimethyl-5-methylene-heptanoyl-CoA",C31H52N7O18P3S,Cytosol,14108
C11945,"trans-2-Methyl-5-isopropylhexa-2,5-dienoyl-CoA",C31H50N7O17P3S,Cytosol,14106
C16468,"(2E)-5-Methylhexa-2,4-dienoyl-CoA",C28H44N7O17P3S,Cytosol,47205764
C16469,3-Hydroxy-5-methylhex-4-enoyl-CoA,C28H46N7O18P3S,Cytosol,47205765
C16471,5-Methyl-3-oxo-4-hexenoyl-CoA,C28H44N7O18P3S,Cytosol,47205767
C00334,4-Aminobutanoate,C4H9NO2,Cytosol,3628
C00232,Succinate semialdehyde,C4H6O3,Cytosol,3531
C00433,"2,5-Dioxopentanoate",C5H6O4,Cytosol,3722
C00071,Aldehyde,CHOR,Cytosol,3371
C05665,3-Aminopropanal,C3H7NO,Cytosol,7975
C00577,D-Glyceraldehyde,C3H6O3,Cytosol,3856
C00258,D-Glycerate,C3H6O4,Cytosol,3557
C00555,4-Aminobutyraldehyde,C4H9NO,Cytosol,3835
C00637,Indole-3-acetaldehyde,C10H9NO,Cytosol,3910
C05985,2-Propynal,C3H2O,Cytosol,8263
C00804,Propynoate,C3H2O2,Cytosol,4062
C02670,D-Glucuronolactone,C6H8O6,Cytosol,5641
C00818,D-Glucarate,C6H10O8,Cytosol,4076
C01149,4-Trimethylammoniobutanal,C7H16NO,Cytosol,4378
C01181,4-Trimethylammoniobutanoate,C7H16NO2,Cytosol,4408
C02170,Methylmalonate,C4H6O4,Cytosol,5245
C05130,Imidazole-4-acetaldehyde,C5H6N2O,Cytosol,7550
C02835,Imidazole-4-acetate,C5H6N2O2,Cytosol,5778
C05445,"3alpha,7alpha-Dihydroxy-5beta-cholestan-26-al",C27H46O3,Cytosol,7807
C04554,"3alpha,7alpha-Dihydroxy-5beta-cholestanate",C27H46O4,Cytosol,7159
C05634,5-Hydroxyindoleacetaldehyde,C10H9NO2,Cytosol,7945
C05635,5-Hydroxyindoleacetate,C10H9NO3,Cytosol,7946
C05936,N4-Acetylaminobutanal,C6H11NO2,Cytosol,8223
C02946,4-Acetamidobutanoate,C6H11NO3,Cytosol,5865
C06613,trans-3-Chloroallyl aldehyde,C3H3ClO,Cytosol,8839
C06614,trans-3-Chloroacrylic acid,C3H3ClO2,Cytosol,8840
C16348,cis-3-Chloroallyl aldehyde,C3H3ClO,Cytosol,47205656
C06615,cis-3-Chloroacrylic acid,C3H3ClO2,Cytosol,8841
C06755,Chloroacetic acid,C2H3ClO2,Cytosol,8976
C02576,Perillyl aldehyde,C10H14O,Cytosol,5571
C11924,Perillic acid,C10H14O2,Cytosol,14085
C03461,"2-trans,6-trans-Farnesal",C15H24O,Cytosol,6281
C16502,Farnesoic acid,C15H24O2,Cytosol,47205798
C15547,"1,4-Dihydroxy-2-naphthoyl-CoA",C32H42N7O19P3S,Cytosol,17396539
C03657,"1,4-Dihydroxy-2-naphthoate",C11H8O4,Cytosol,6435
C06098,Zeaxanthin,C40H56O2,Cytosol,8363
C08579,Antheraxanthin,C40H56O3,Cytosol,10772
C08614,Violaxanthin,C40H56O4,Cytosol,10807
C00576,Betaine aldehyde,C5H12NO,Cytosol,3855
C00719,Betaine,C5H11NO2,Cytosol,3985
C00483,Tyramine,C8H11NO,Cytosol,3766
C03765,4-Hydroxyphenylacetaldehyde,C8H8O2,Cytosol,6521
C01888,Aminoacetone,C3H7NO,Cytosol,5001
C00546,Methylglyoxal,C3H4O2,Cytosol,3827
C05332,Phenethylamine,C8H11N,Cytosol,7711
C00601,Phenylacetaldehyde,C8H8O,Cytosol,3876
C00986,"1,3-Diaminopropane",C3H10N2,Cytosol,4233
C02723,N-Methylputrescine,C5H14N2,Cytosol,5685
C06178,1-Methylpyrrolinium,C5H10N,Cytosol,8429
C03758,Dopamine,C8H11NO2,Cytosol,6517
C04043,"3,4-Dihydroxyphenylacetaldehyde",C8H8O3,Cytosol,6744
C00218,Methylamine,CH5N,Cytosol,3518
C12455,5-Aminopentanal,C5H11NO,Cytosol,582845
C00506,L-Cysteate,C3H7NO5S,Cytosol,3789
C00606,3-Sulfino-L-alanine,C3H7NO4S,Cytosol,3881
C00519,Hypotaurine,C2H7NO2S,Cytosol,3802
C00246,Butanoic acid,C4H8O2,Cytosol,3545
C16272,3-Hydroxy-5-oxohexanoate,C6H10O4,Cytosol,47205580
C16273,3-Hydroxy-5-oxohexanoyl-CoA,C27H44N7O19P3S,Cytosol,47205581
C04246,But-2-enoyl-[acyl-carrier protein],C4H5OSR,Cytosol,6911
C05754,trans-Dec-2-enoyl-[acp],C10H17OSR,Cytosol,8049
C05751,trans-Oct-2-enoyl-[acp],C8H13OSR,Cytosol,8046
C05763,trans-Hexadec-2-enoyl-[acp],C16H29OSR,Cytosol,8058
C05760,trans-Tetradec-2-enoyl-[acp],C14H25OSR,Cytosol,8055
C05748,trans-Hex-2-enoyl-[acp],C6H9OSR,Cytosol,8043
C05758,trans-Dodec-2-enoyl-[acp],C12H21OSR,Cytosol,8053
C00693,"trans-2,3-Dehydroacyl-[acyl-carrier protein]",C3H2OSR2,Cytosol,3961
C00226,Primary alcohol,CH3OR,Cytosol,3526
C00469,Ethanol,C2H6O,Cytosol,3752
C00473,Retinol,C20H30O,Cytosol,3756
C00376,Retinal,C20H28O,Cytosol,3666
C05444,"3alpha,7alpha,26-Trihydroxy-5beta-cholestane",C27H48O3,Cytosol,7806
C05576,"3,4-Dihydroxyphenylethyleneglycol",C8H10O4,Cytosol,7902
C05577,"3,4-Dihydroxymandelaldehyde",C8H8O4,Cytosol,7903
C14089,1-Hydroxymethylnaphthalene,C11H10O,Cytosol,854325
C14090,1-Naphthaldehyde,C11H8O,Cytosol,854326
C02909,(2-Naphthyl)methanol,C11H10O,Cytosol,5834
C14099,2-Naphthaldehyde,C11H8O,Cytosol,854335
C06899,Chloral hydrate,C2H3Cl3O2,Cytosol,9116
C07490,Trichloroethanol,C2H3Cl3O,Cytosol,9693
C07645,Aldophosphamide,C7H15Cl2N2O3P,Cytosol,9847
C16551,Alcophosphamide,C7H17Cl2N2O3P,Cytosol,51090880
C16586,"2-Phenyl-1,3-propanediol monocarbamate",C10H13NO3,Cytosol,51090913
C16587,3-Carbamoyl-2-phenylpropionaldehyde,C10H11NO3,Cytosol,51090914
C16595,"4-Hydroxy-5-phenyltetrahydro-1,3-oxazin-2-one",C10H11NO3,Cytosol,51090922
C16596,"5-Phenyl-1,3-oxazinane-2,4-dione",C10H9NO3,Cytosol,51090923
C00599,Cholest-4-en-3-one,C27H44O,Cytosol,3875
C21076,Delta4-Dafachronic acid,C27H42O3,Cytosol,295369338
C20252,"5-Androstene-3,17-dione",C19H26O2,Cytosol,163311995
C00280,Androstenedione,C19H26O2,Cytosol,3575
C00395,Penicillin,C9H11N2O4SR,Cytosol,3685
C06567,Penicilloic acid,C8H13N2O4SR,Cytosol,8796
C02265,D-Phenylalanine,C9H11NO2,Cytosol,5326
C00405,D-Amino acid,C2H4NO2R,Cytosol,3695
C01250,N-Acetyl-L-glutamate 5-semialdehyde,C7H11NO4,Cytosol,4470
C04133,N-Acetyl-L-glutamate 5-phosphate,C7H12NO8P,Cytosol,6819
C00624,N-Acetyl-L-glutamate,C7H11NO5,Cytosol,3897
C00437,N-Acetylornithine,C7H14N2O3,Cytosol,3726
C00169,Carbamoyl phosphate,CH4NO5P,Cytosol,3469
C03406,N-(L-Arginino)succinate,C10H18N4O6,Cytosol,6235
C00239,dCMP,C9H14N3O7P,Cytosol,3538
C00197,3-Phospho-D-glycerate,C3H7O7P,Cytosol,3497
C00184,Glycerone,C3H6O3,Cytosol,3484
C01099,L-Fuculose 1-phosphate,C6H13O8P,Cytosol,4333
C00424,(S)-Lactaldehyde,C3H6O2,Cytosol,3714
C22337,D-Ribulose 1-phosphate,C5H11O8P,Cytosol,497619697
C05727,S-Substituted N-acetyl-L-cysteine,C5H8NO3SR,Cytosol,8030
C01326,Hydrogen cyanide,CHN,Cytosol,4537
C05147,trans-3-Hydroxy-L-proline,C5H9NO3,Cytosol,7565
C20643,2-Heptyl-4(1H)-quinolone,C16H21NO,Cytosol,172232367
C11848,2-Heptyl-3-hydroxy-quinolone,C16H21NO2,Cytosol,14010
C15521,Alkanesulfonate,CH3O3SR,Cytosol,17396513
C11145,Methanesulfonic acid,CH4SO3,Cytosol,13327
C00168,Hydroxypyruvate,C3H4O4,Cytosol,3468
C00989,4-Hydroxybutanoic acid,C4H8O3,Cytosol,4235
C20876,Very-long-chain acyl-CoA,C26H43N7O17P3SR,Cytosol,254741342
C22857,Very-long-chain alpha-carboxyacyl-CoA,C27H43N7O19P3SR,Cytosol,497620209
C05382,Sedoheptulose 7-phosphate,C7H15O10P,Cytosol,7756
C12214,Aminofructose 6-phosphate,C6H14NO8P,Cytosol,14359
C12215,Iminoerythrose 4-phosphate,C4H10NO6P,Cytosol,14360
C00041,L-Alanine,C3H7NO2,Cytosol,3343
C06099,(R)-Limonene,C10H16,Cytosol,8364
C07271,"Limonene-1,2-epoxide",C10H16O,Cytosol,9480
C00521,(S)-Limonene,C10H16,Cytosol,3804
C19081,"(4S)-Limonene-1,2-epoxide",C10H16O,Cytosol,124489753
C05986,2-Propyn-1-ol,C3H4O,Cytosol,8264
C00207,Acetone,C3H6O,Cytosol,3507
C00031,D-Glucose,C6H12O6,Cytosol,3333
C07836,D-glycero-beta-D-manno-Heptose 7-phosphate,C7H15O10P,Cytosol,10038
C19882,D-glycero-D-manno-Heptose 7-phosphate,C7H15O10P,Cytosol,135626348
C19878,D-glycero-alpha-D-manno-Heptose 7-phosphate,C7H15O10P,Cytosol,135626344
C16396,"2,4-Diamino-6-nitrotoluene",C7H9N3O2,Cytosol,47205694
C16399,"2,4-Diamino-6-hydroxylaminotoluene",C7H11N3O,Cytosol,47205697
C00196,"2,3-Dihydroxybenzoate",C7H6O4,Cytosol,3496
C05821,Enterochelin,C30H27N3O15,Cytosol,8116
C03046,"(S,S)-Butane-2,3-diol",C4H10O2,Cytosol,5949
C01769,(S)-Acetoin,C4H8O2,Cytosol,4902
C00741,Diacetyl,C4H6O2,Cytosol,4004
C20657,"meso-2,3-Butanediol",C4H10O2,Cytosol,172232379
C00810,(R)-Acetoin,C4H8O2,Cytosol,4068
C00575,"3',5'-Cyclic AMP",C10H12N5O6P,Cytosol,3854
C00590,Coniferyl alcohol,C10H12O3,Cytosol,3869
C15805,Guaiacyl lignin,,Cytosol,47205130
C02325,Sinapyl alcohol,C11H14O4,Cytosol,5377
C15806,Syringyl lignin,,Cytosol,47205131
C02646,4-Coumaryl alcohol,C9H10O2,Cytosol,5623
C15804,p-Hydroxyphenyl lignin,,Cytosol,47205129
C12205,5-Hydroxyconiferyl alcohol,C10H12O4,Cytosol,14351
C15807,5-Hydroxy-guaiacyl lignin,,Cytosol,47205132
C07054,Isoniazid,C6H7N3O,Cytosol,9266
C21754,Isonicotinoyl radical,C6H4NO,Cytosol,354264348
C05360,Diimine,N2H2,Cytosol,7737
C01037,"7,8-Diaminononanoate",C9H20N2O2,Cytosol,4280
C01909,Dethiobiotin,C10H18N2O3,Cytosol,5017
C22458,8-Amino-7-(carboxyamino)nonanoate,C10H20N2O4,Cytosol,497619817
C01063,Pimeloyl-CoA,C28H46N7O19P3S,Cytosol,4302
C01092,8-Amino-7-oxononanoate,C9H17NO3,Cytosol,4327
C19845,Pimeloyl-[acyl-carrier protein],C7H11O3SR,Cytosol,135626312
C04425,S-Adenosyl-4-methylthio-2-oxobutanoate,C15H20N5O6S,Cytosol,7057
C17023,Sulfur donor,,Cytosol,96023504
C05359,e-,,Cytosol,7736
C04573,UDP-N-acetyl-2-amino-2-deoxy-D-glucuronate,C17H25N3O18P2,Cytosol,7174
C20395,UDP-2-acetamido-2-deoxy-alpha-D-ribo-hex-3-uluronate,C17H23N3O18P2,Cytosol,163312133
C20359,"UDP-2-acetamido-3-amino-2,3-dideoxy-alpha-D-glucuronate",C17H26N4O17P2,Cytosol,163312097
C03273,5-Oxopentanoate,C5H8O3,Cytosol,6134
C00489,Glutarate,C5H8O4,Cytosol,3772
C00463,Indole,C8H7N,Cytosol,3747
C00078,L-Tryptophan,C11H12N2O2,Cytosol,3378
C03506,Indoleglycerol phosphate,C11H14NO6P,Cytosol,6317
C13747,"1,7-Dimethylxanthine",C7H8N4O2,Cytosol,586336
C16365,5-Acetylamino-6-formylamino-3-methyluracil,C8H10N4O4,Cytosol,47205673
C16420,4-Acetamido-2-amino-6-nitrotoluene,C9H11N3O3,Cytosol,47205718
C07585,N-Acetylisoniazid,C8H9N3O2,Cytosol,9787
C07447,Acetylhydrazine,C2H6N2O,Cytosol,9650
C16622,"N,N'-Diacetylhydrazine",C4H8N2O2,Cytosol,51090948
C05361,Hydrazine,N2H4,Cytosol,7738
C00587,3-Hydroxybenzoate,C7H6O3,Cytosol,3866
C00628,"2,5-Dihydroxybenzoate",C7H6O4,Cytosol,3901
C16850,"2-Amino-3,7-dideoxy-D-threo-hept-6-ulosonic acid",C7H13NO5,Cytosol,96023374
C00944,3-Dehydroquinate,C7H10O6,Cytosol,4196
C15794,Castasterone,C28H48O5,Cytosol,47205119
C19873,26-Hydroxycastasterone,C28H48O6,Cytosol,135626339
C08814,Brassinolide,C28H48O6,Cytosol,11007
C19874,26-Hydroxybrassinolide,C28H48O7,Cytosol,135626340
C02642,3-Ureidopropionate,C4H8N2O3,Cytosol,5621
C21029,(R)-3-Ureidoisobutyrate,C5H10N2O3,Cytosol,254816254
C01205,(R)-3-Amino-2-methylpropanoate,C4H9NO2,Cytosol,4429
C00545,L-Arabinonate,C5H10O6,Cytosol,3826
C00684,2-Dehydro-3-deoxy-L-arabinonate,C5H8O5,Cytosol,3953
C20940,L-Dihydroanticapsin,C9H15NO4,Cytosol,254741402
C20941,L-Anticapsin,C9H13NO4,Cytosol,254741403
C11402,"(4R,7R)-4-Isopropenyl-7-methyl-2-oxo-oxepanone",C10H16O2,Cytosol,13576
C11404,(3R)-6-Hydroxy-3-isopropenyl-heptanoate,C10H18O3,Cytosol,13578
C11403,"(3S,6R)-6-Isopropenyl-3-methyl-2-oxo-oxepanone",C10H16O2,Cytosol,13577
C11406,(5R)-6-Hydroxy-5-isopropenyl-2-methylhexanoate,C10H18O3,Cytosol,13580
C11414,"(4S,7R)-4-Isopropenyl-7-methyl-2-oxo-oxepanone",C10H16O2,Cytosol,13588
C11417,(3S)-6-Hydroxy-3-isopropenyl-heptanoate,C10H18O3,Cytosol,13591
C11418,"(3S,6S)-6-Isopropenyl-3-methyl-2-oxo-oxepanone",C10H16O2,Cytosol,13592
C11420,(5S)-6-Hydroxy-5-isopropenyl-2-methylhexanoate,C10H18O3,Cytosol,13594
C00940,2-Oxoglutaramate,C5H7NO4,Cytosol,4192
C02362,2-Oxosuccinamate,C4H5NO4,Cytosol,5407
C07108,Tamoxifen,C26H29NO,Cytosol,9319
C16545,Tamoxifen N-oxide,C26H29NO2,Cytosol,51090874
C19846,Pimeloyl-[acyl-carrier protein] methyl ester,C8H13O3SR,Cytosol,135626313
C15556,"L-3,4-Dihydroxybutan-2-one 4-phosphate",C4H9O6P,Cytosol,17396548
C00186,(S)-Lactate,C3H6O3,Cytosol,3486
C00979,O-Acetyl-L-serine,C5H9NO4,Cytosol,4228
C00133,D-Alanine,C3H7NO2,Cytosol,3433
C00653,Poly(ribitol phosphate),(C5H11O7P)n,Cytosol,3924
C04260,O-D-Alanyl-poly(ribitol phosphate),(C8H16NO8P)n,Cytosol,6925
G13185,Glycan,(DAG)1 (Glc)2 (GlcNAc)1 (Gro)2 (*)1 (P)2,Cytosol,
G13186,Glycan,(Ala)1 (DAG)1 (Glc)2 (GlcNAc)1 (Gro)2 (*)1 (P)2,Cytosol,
G13167,Glycan,(Glc)1 (GlcNAc)1 (Gro)2 (ManNAc)1 (*)1 (P)2 (PP-Und)1,Cytosol,
G13180,Glycan,(Ala)1 (Glc)1 (GlcNAc)1 (Gro)2 (ManNAc)1 (*)1 (P)2 (PP-Und)1,Cytosol,
G13170,Glycan,(Glc)1 (GlcNAc)1 (Gro)1 (ManNAc)1 (Rib-ol)2 (*)1 (P)3 (PP-Und)1,Cytosol,
G13171,Glycan,(Ala)1 (Glc)1 (GlcNAc)1 (Gro)1 (ManNAc)1 (Rib-ol)2 (*)1 (P)3 (PP-Und)1,Cytosol,
G13174,Glycan,(GlcNAc)2 (Gro)2 (ManNAc)1 (Rib-ol)1 (*)1 (P)3 (PP-Und)1,Cytosol,
G13175,Glycan,(Ala)1 (GlcNAc)2 (Gro)2 (ManNAc)1 (Rib-ol)1 (*)1 (P)3 (PP-Und)1,Cytosol,
G13176,Glycan,(GlcNAc)2 (Gro)2 (ManNAc)1 (Rib-ol)1 (*)1 (P)3 (PP-Und)1,Cytosol,
G13177,Glycan,(Ala)1 (GlcNAc)2 (Gro)2 (ManNAc)1 (Rib-ol)1 (*)1 (P)3 (PP-Und)1,Cytosol,
G13178,Glycan,(GlcNAc)2 (Gro)2 (ManNAc)1 (Rib-ol)1 (*)1 (P)3 (PP-Und)1,Cytosol,
G13179,Glycan,(Ala)1 (GlcNAc)2 (Gro)2 (ManNAc)1 (Rib-ol)1 (*)1 (P)3 (PP-Und)1,Cytosol,
G13192,Glycan,(DAG)1 (Gal)2 (Glc)1 (Gro)2 (*)1 (P)2,Cytosol,
G13193,Glycan,(Ala)1 (DAG)1 (Gal)2 (Glc)1 (Gro)2 (*)1 (P)2,Cytosol,
C02798,3-Phosphonopyruvate,C3H5O6P,Cytosol,5748
C00905,D-Fructuronate,C6H10O7,Cytosol,4160
C00187,Cholesterol,C27H46O,Cytosol,3487
C01164,7-Dehydrocholesterol,C27H44O,Cytosol,4391
C00811,4-Coumarate,C9H8O3,Cytosol,4069
C00223,p-Coumaroyl-CoA,C30H42N7O18P3S,Cytosol,3523
C01197,Caffeate,C9H8O4,Cytosol,4422
C00323,Caffeoyl-CoA,C30H42N7O19P3S,Cytosol,3617
C01494,Ferulate,C10H10O4,Cytosol,4664
C00406,Feruloyl-CoA,C31H44N7O19P3S,Cytosol,3696
C00482,Sinapate,C11H12O5,Cytosol,3765
C00411,Sinapoyl-CoA,C32H46N7O20P3S,Cytosol,3701
C00423,trans-Cinnamate,C9H8O2,Cytosol,3713
C00540,Cinnamoyl-CoA,C30H42N7O17P3S,Cytosol,3821
C05619,5-Hydroxyferulic acid,C10H10O5,Cytosol,7937
C12203,5-Hydroxyferuloyl-CoA,C31H44N7O20P3S,Cytosol,14349
C05280,"cis,cis-3,6-Dodecadienoyl-CoA",C33H54N7O17P3S,Cytosol,7667
C05279,"trans,cis-Lauro-2,6-dienoyl-CoA",C33H54N7O17P3S,Cytosol,7666
C14180,S-(Hydroxymethyl)glutathione,C11H19N3O7S,Cytosol,7846992
C01031,S-Formylglutathione,C11H17N3O7S,Cytosol,4274
C00662,Reduced adrenal ferredoxin,,Cytosol,3931
C00667,Oxidized adrenal ferredoxin,,Cytosol,3936
C00157,Phosphatidylcholine,C10H18NO8PR2,Cytosol,3457
C00588,Choline phosphate,C5H15NO4P,Cytosol,3867
C00344,Phosphatidylglycerol,C8H13O10PR2,Cytosol,3637
C00346,Ethanolamine phosphate,C2H8NO4P,Cytosol,3639
C01194,1-Phosphatidyl-D-myo-inositol,C11H17O13PR2,Cytosol,4419
C04756,O-1-Alk-1-enyl-2-acyl-sn-glycero-3-phosphoethanolamine,C8H14NO7PR2,Cytosol,7325
C03454,1-Alkenyl-2-acylglycerol,C6H8O4R2,Cytosol,6274
C03044,"(R,R)-Butane-2,3-diol",C4H10O2,Cytosol,5947
C02350,(S)-Allantoin,C4H6N4O3,Cytosol,5397
C00499,Allantoate,C4H8N4O4,Cytosol,3782
C00270,N-Acetylneuraminate,C11H19NO9,Cytosol,3568
C00645,N-Acetyl-D-mannosamine,C8H15NO6,Cytosol,3918
C22382,Aceneuramate,C11H19NO9,Cytosol,497619742
C00398,Tryptamine,C10H12N2,Cytosol,3688
C00547,L-Noradrenaline,C8H11NO3,Cytosol,3828
C00780,Serotonin,C10H12N2O,Cytosol,4041
C00788,L-Adrenaline,C9H13NO3,Cytosol,4046
C02714,N-Acetylputrescine,C6H14N2O,Cytosol,5677
C05127,N-Methylhistamine,C6H11N3,Cytosol,7548
C05827,Methylimidazole acetaldehyde,C6H8N2O,Cytosol,8121
C05587,3-Methoxytyramine,C9H13NO2,Cytosol,7912
C05581,3-Methoxy-4-hydroxyphenylacetaldehyde,C9H10O3,Cytosol,7907
C05589,L-Normetanephrine,C9H13NO3,Cytosol,7914
C05583,3-Methoxy-4-hydroxyphenylglycolaldehyde,C9H10O4,Cytosol,7909
C05588,L-Metanephrine,C10H15NO3,Cytosol,7913
C05636,3-Hydroxykynurenamine,C9H12N2O2,Cytosol,7947
C05637,"4,8-Dihydroxyquinoline",C9H7NO2,Cytosol,7948
C05638,5-Hydroxykynurenamine,C9H12N2O2,Cytosol,7949
C05639,"4,6-Dihydroxyquinoline",C9H7NO2,Cytosol,7950
C07572,Citalopram,C20H21FN2O,Cytosol,9775
C16612,Citalopram aldehyde,C18H14FNO2,Cytosol,51090938
C00543,Dimethylamine,C2H7N,Cytosol,3824
C16608,Demethylcitalopram,C19H19FN2O,Cytosol,51090934
C16609,Didemethylcitalopram,C18H17FN2O,Cytosol,51090935
C21299,RCH2NHR',CH3N(R1)(R2),Cytosol,318172279
C21300,R'NH2,NH2R,Cytosol,318172280
C00900,2-Acetolactate,C5H8O4,Cytosol,4156
C06010,(S)-2-Acetolactate,C5H8O4,Cytosol,8282
C06006,(S)-2-Aceto-2-hydroxybutanoate,C6H10O4,Cytosol,8279
C00679,5-Dehydro-4-deoxy-D-glucarate,C6H8O7,Cytosol,3948
C01146,2-Hydroxy-3-oxopropanoate,C3H4O4,Cytosol,4376
C03921,2-Dehydro-3-deoxy-D-glucarate,C6H8O7,Cytosol,6650
C13453,Xanthoxin,C15H22O3,Cytosol,586193
C13455,Abscisic aldehyde,C15H20O3,Cytosol,586195
C01304,"2,5-Diamino-6-(5-phospho-D-ribosylamino)pyrimidin-4(3H)-one",C9H16N5O8P,Cytosol,4522
C19891,1D-chiro-Inositol,C6H12O6,Cytosol,135626357
C20251,1-Keto-D-chiro-inositol,C6H10O6,Cytosol,163311994
C05824,S-Sulfo-L-cysteine,C3H7NO5S2,Cytosol,8119
C15700,gamma-Glutamyl-gamma-aminobutyraldehyde,C9H16N2O4,Cytosol,47205026
C15767,4-(L-gamma-Glutamylamino)butanoate,C9H16N2O5,Cytosol,47205093
C19706,cis-3-Hydroxy-L-proline,C5H9NO3,Cytosol,135626174
C03826,2-Dehydro-3-deoxy-D-xylonate,C5H8O5,Cytosol,6569
C03434,Tetrachlorohydroquinone,C6H2Cl4O2,Cytosol,6261
C18933,Chloranil,C6Cl4O2,Cytosol,124489605
C04181,3-Hydroxy-3-methyl-2-oxobutanoic acid,C5H8O4,Cytosol,6858
C14463,(R)-3-Hydroxy-3-methyl-2-oxopentanoate,C6H10O4,Cytosol,17395463
C06082,Abscisate,C15H20O4,Cytosol,8348
C15514,8'-Hydroxyabscisate,C15H20O5,Cytosol,17396506
C00828,Menaquinone,C16H16O2(C5H8)n,Cytosol,4086
C05819,Menaquinol,C16H18O2(C5H8)n,Cytosol,8114
C01628,Vitamin K,C11H7O2R,Cytosol,4778
C05850,Reduced Vitamin K,C11H9O2R,Cytosol,8143
C02059,Phylloquinone,C31H46O2,Cytosol,5148
C03313,Phylloquinol,C31H48O2,Cytosol,6166
C00427,Prostaglandin H2,C20H32O5,Cytosol,3717
C02198,Thromboxane A2,C20H32O5,Cytosol,5266
C18902,Methylselenic acid,CH4O2Se,Cytosol,124489574
C05703,Methaneselenol,CH4Se,Cytosol,8010
C00409,Methanethiol,CH4S,Cytosol,3699
C02225,2-Methylcitrate,C7H10O7,Cytosol,5290
C04225,"(Z)-But-2-ene-1,2,3-tricarboxylate",C7H8O6,Cytosol,6896
C04489,5-Methyltetrahydropteroyltri-L-glutamate,C30H39N9O12,Cytosol,7108
C04144,Tetrahydropteroyltri-L-glutamate,C29H37N9O12,Cytosol,6829
C00047,L-Lysine,C6H14N2O2,Cytosol,3349
C05341,beta-Alanyl-L-lysine,C9H19N3O3,Cytosol,7719
C05340,beta-Alanyl-L-arginine,C9H19N5O3,Cytosol,7718
C00135,L-Histidine,C6H9N3O2,Cytosol,3435
C00386,Carnosine,C9H14N4O3,Cytosol,3676
C00884,Homocarnosine,C10H16N4O3,Cytosol,4140
C01152,N(pi)-Methyl-L-histidine,C7H11N3O2,Cytosol,4381
C01262,beta-Alanyl-N(pi)-methyl-L-histidine,C10H16N4O3,Cytosol,4481
C20942,Bacilysin,C12H18N2O5,Cytosol,254741404
C15977,[Dihydrolipoyllysine-residue (2-methylpropanoyl)transferase] S-(2-methylpropanoyl)dihydrolipoyllysine,C12H22NO2S2R,Cytosol,47205290
C15975,[Dihydrolipoyllysine-residue (2-methylpropanoyl)transferase] S-(3-methylbutanoyl)dihydrolipoyllysine,C13H24NO2S2R,Cytosol,47205288
C15979,[Dihydrolipoyllysine-residue (2-methylpropanoyl)transferase] S-(2-methylbutanoyl)dihydrolipoyllysine,C13H24NO2S2R,Cytosol,47205292
C15976,2-Methyl-1-hydroxypropyl-ThPP,C16H27N4O8P2S,Cytosol,47205289
C15974,3-Methyl-1-hydroxybutyl-ThPP,C17H29N4O8P2S,Cytosol,47205287
C15978,2-Methyl-1-hydroxybutyl-ThPP,C17H29N4O8P2S,Cytosol,47205291
C21017,2-(alpha-Hydroxypropyl)thiamine diphosphate,C15H25N4O8P2S,Cytosol,254741471
C21018,Enzyme N6-(S-propyldihydrolipoyl)lysine,C11H20NO2S2R,Cytosol,254741472
C04732,5-Amino-6-(1-D-ribitylamino)uracil,C9H16N4O6,Cytosol,7303
C21971,"5-Amino-5-(4-hydroxybenzyl)-6-(D-ribitylimino)-5,6-dihydrouracil",C16H22N4O7,Cytosol,376219004
C19154,"7,8-Didemethyl-8-hydroxy-5-deazariboflavin",C16H17N3O7,Cytosol,124489826
C04377,"5,10-Methylenetetrahydromethanopterin",C31H45N6O16P,Cytosol,7018
C01080,Reduced coenzyme F420,C29H38N5O18P,Cytosol,4318
C04488,"5-Methyl-5,6,7,8-tetrahydromethanopterin",C31H47N6O16P,Cytosol,7107
C00876,Coenzyme F420,C29H36N5O18P,Cytosol,4132
C20870,3-(Methylthio)propanoyl-CoA,C25H42N7O17P3S2,Cytosol,254741336
C20955,3-(Methylthio)acryloyl-CoA,C25H40N7O17P3S2,Cytosol,254741416
C01061,4-Fumarylacetoacetate,C8H8O6,Cytosol,4300
C06526,Quinine,C20H24N2O2,Cytosol,8757
C07344,3-Hydroxyquinine,C20H24N2O3,Cytosol,9551
C00829,Naphthalene,C10H8,Cytosol,4087
C14786,"(1R,2S)-Naphthalene 1,2-oxide",C10H8O,Cytosol,17395784
C14787,"(1S,2R)-Naphthalene 1,2-oxide",C10H8O,Cytosol,17395785
C01595,Linoleate,C18H32O2,Cytosol,4750
C14825,9(10)-EpOME,C18H32O3,Cytosol,17395823
C14826,12(13)-EpOME,C18H32O3,Cytosol,17395824
C07535,Benzo[a]pyrene,C20H12,Cytosol,9738
C14849,"Benzo[a]pyrene-9,10-oxide",C20H12O,Cytosol,17395847
C14850,"Benzo[a]pyrene-7,8-oxide",C20H12O,Cytosol,17395848
C14851,"Benzo[a]pyrene-4,5-oxide",C20H12O,Cytosol,17395849
C14852,"Benzo[a]pyrene-7,8-dihydrodiol",C20H14O2,Cytosol,17395850
C14853,"Benzo[a]pyrene-7,8-dihydrodiol-9,10-oxide",C20H14O3,Cytosol,17395851
C14556,9-Hydroxybenzo[a]pyrene,C20H12O,Cytosol,17395556
C14854,"9-Hydroxybenzo[a]pyrene-4,5-oxide",C20H12O2,Cytosol,17395852
C16641,Irinotecan,C33H38N4O6,Cytosol,51090967
C16542,APC,C33H38N4O8,Cytosol,51090871
C16543,NPC,C28H30N4O6,Cytosol,51090872
C12518,Glutaral,C5H8O2,Cytosol,582908
C06174,Codeine,C18H21NO3,Cytosol,8425
C16576,Norcodeine,C17H19NO3,Cytosol,51090905
C16546,N-Desmethyltamoxifen,C25H27NO,Cytosol,51090875
C05011,Hydroxytamoxifen,C26H29NO2,Cytosol,7494
C16547,Endoxifen,C25H27NO2,Cytosol,51090876
C16544,alpha-Hydroxytamoxifen,C26H29NO2,Cytosol,51090873
C16548,"N,N-Didesmethyltamoxifen",C24H25NO,Cytosol,51090877
C16549,alpha-Hydroxy-N-desmethyltamoxifen,C25H27NO2,Cytosol,51090878
C07888,Cyclophosphamide,C7H15Cl2N2O2P,Cytosol,10090
C07643,4-Hydroxycyclophosphamide,C7H15Cl2N2O3P,Cytosol,9845
C07644,4-Ketocyclophosphamide,C7H13Cl2N2O3P,Cytosol,9846
C16553,4-Hydroxyifosfamide,C7H15Cl2N2O3P,Cytosol,51090882
C07073,Lidocaine,C14H22N2O,Cytosol,9284
C16561,Monoethylglycinexylidide,C12H18N2O,Cytosol,51090890
C16560,3-Hydroxylidocaine,C14H22N2O2,Cytosol,51090889
C07501,Felbamate,C11H14N2O4,Cytosol,9704
C16584,p-Hydroxyfelbamate,C11H14N2O5,Cytosol,51090912
C16582,2-Hydroxyfelbamate,C11H14N2O5,Cytosol,51090910
C06868,Carbamazepine,C15H12N2O,Cytosol,9085
C07496,"Carbamazepine-10,11-epoxide",C15H12N2O2,Cytosol,9699
C16602,3-Hydroxycarbamazepine,C15H12N2O2,Cytosol,51090928
C16601,2-Hydroxycarbamazepine,C15H12N2O2,Cytosol,51090927
C16604,2-Hydroxyiminostilbene,C14H11NO,Cytosol,51090930
C07163,Methadone,C21H27NO,Cytosol,9372
C16659,"2-Ethylidene-1,5-dimethyl-3,3-diphenylpyrrolidine",C20H23N,Cytosol,51090983
C16660,"2-Ethyl-5-methyl-3,3-diphenyl-1-pyrroline",C19H21N,Cytosol,51090984
C08012,Levomethadyl acetate,C23H31NO2,Cytosol,10212
C16661,L-alpha-Acetyl-N-normethadol,C22H29NO2,Cytosol,51090985
C16662,"L-alpha-Acetyl-N,N-dinormethadol",C21H27NO2,Cytosol,51090986
C16453,4-(N-Nitrosomethylamino)-1-(3-pyridyl)-1-butanone,C10H13N3O2,Cytosol,47205749
C19566,4-Hydroxy-4-(methylnitrosoamino)-1-(3-pyridinyl)-1-butanone,C10H13N3O3,Cytosol,124490238
C00072,Ascorbate,C6H8O6,Cytosol,3372
C01041,Monodehydroascorbate,C6H7O6,Cytosol,4283
C00488,Formamide,CH3NO,Cytosol,3771
C03196,(S)-2-Hydroxyglutarate,C5H8O5,Cytosol,6073
C02091,(S)-Ureidoglycine,C3H7N3O3,Cytosol,5176
C00603,(S)-Ureidoglycolate,C3H6N2O4,Cytosol,3878
C00328,L-Kynurenine,C10H12N2O3,Cytosol,3622
C03227,3-Hydroxy-L-kynurenine,C10H12N2O4,Cytosol,6099
C02700,L-Formylkynurenine,C11H12N2O4,Cytosol,5664
C05653,Formylanthranilate,C8H7NO3,Cytosol,7964
C01217,"5,6,7,8-Tetrahydromethanopterin",C30H45N6O16P,Cytosol,4439
C00213,Sarcosine,C3H7NO2,Cytosol,3513
C02218,Dehydroalanine,C3H5NO2,Cytosol,5284
C00234,10-Formyltetrahydrofolate,C20H23N7O7,Cytosol,3533
C00669,gamma-L-Glutamyl-L-cysteine,C8H14N2O5S,Cytosol,3938
C01036,4-Maleylacetoacetate,C8H8O6,Cytosol,4279
C00185,Cellobiose,C12H22O11,Cytosol,3485
C00844,Prunasin,C14H17NO6,Cytosol,4101
C00561,Mandelonitrile,C8H7NO,Cytosol,3841
C01898,Cellodextrin,H2O(C6H10O5)n,Cytosol,5010
C08325,Amygdalin,C20H27NO11,Cytosol,10523
C00963,beta-D-Glucoside,C6H11O6R,Cytosol,4214
C01335,ROH,HOR,Cytosol,4543
C05713,Cyanoglycoside,C8H11NO6R2,Cytosol,8020
C05712,Cyanohydrin,C2HNOR2,Cytosol,8019
C05839,cis-beta-D-Glucosyl-2-hydroxycinnamate,C15H18O8,Cytosol,8132
C05838,cis-2-Hydroxycinnamate,C9H8O3,Cytosol,8131
C05143,Dhurrin,C14H17NO7,Cytosol,7561
C03742,(S)-4-Hydroxymandelonitrile,C8H7NO2,Cytosol,6505
C08334,Lotaustralin,C11H19NO6,Cytosol,10532
C18796,(2R)-2-Hydroxy-2-methylbutanenitrile,C5H9NO,Cytosol,124489470
C01594,Linamarin,C10H17NO6,Cytosol,4749
C02659,Acetone cyanohydrin,C4H7NO,Cytosol,5632
C10216,Daidzin,C21H20O9,Cytosol,12402
C10208,Daidzein,C15H10O4,Cytosol,12394
C09126,Genistin,C21H20O10,Cytosol,11318
C06563,Genistein,C15H10O5,Cytosol,8792
C05623,Isoquercitrin,C21H20O12,Cytosol,7940
C00389,Quercetin,C15H10O7,Cytosol,3679
C09099,Naringenin 7-O-beta-D-glucoside,C21H22O10,Cytosol,11291
C00509,Naringenin,C15H12O5,Cytosol,3792
C00436,N-Carbamoylputrescine,C5H13N3O,Cytosol,3725
C00429,"5,6-Dihydrouracil",C4H6N2O2,Cytosol,3718
C21028,"(R)-5,6-Dihydrothymine",C5H8N2O2,Cytosol,254816253
C16630,"5,6-Dihydro-5-fluorouracil",C4H5FN2O2,Cytosol,51090956
C16631,alpha-Fluoro-beta-ureidopropionic acid,C4H7FN2O3,Cytosol,51090957
C04308,Phosphatidyl-N-dimethylethanolamine,C9H16NO8PR2,Cytosol,6966
C01241,Phosphatidyl-N-methylethanolamine,C8H14NO8PR2,Cytosol,4462
C00417,cis-Aconitate,C6H6O6,Cytosol,3707
C01024,Hydroxymethylbilane,C40H46N4O17,Cytosol,4269
C00340,Reduced rubredoxin,,Cytosol,3633
C00435,Oxidized rubredoxin,,Cytosol,3724
C16221,(2E)-Octadecenoyl-[acp],C18H33OSR,Cytosol,47205529
C04088,Octadecanoyl-[acyl-carrier protein],C18H35OSR,Cytosol,6780
C20374,Enoylglutaryl-[acp] methyl ester,C6H7O3SR,Cytosol,163312112
C20378,Enoylpimeloyl-[acp] methyl ester,C8H11O3SR,Cytosol,163312116
C00431,5-Aminopentanoate,C5H11NO2,Cytosol,3720
C00937,(R)-Lactaldehyde,C3H6O2,Cytosol,4189
C01384,Maleic acid,C4H4O4,Cytosol,4579
C11537,(2R)-3-Sulfolactate,C3H6O6S,Cytosol,13704
C05528,3-Sulfopyruvate,C3H4O6S,Cytosol,7871
C04188,S-Methyl-5-thio-D-ribose 1-phosphate,C6H13O7PS,Cytosol,6864
C04582,S-Methyl-5-thio-D-ribulose 1-phosphate,C6H13O7PS,Cytosol,7183
C15650,"2,3-Diketo-5-methylthiopentyl-1-phosphate",C6H11O6PS,Cytosol,17396640
C15606,"1,2-Dihydroxy-5-(methylthio)pent-1-en-3-one",C6H10O3S,Cytosol,17396598
C08276,3-(Methylthio)propanoate,C4H8O2S,Cytosol,10474
C01180,4-Methylthio-2-oxobutanoic acid,C5H8O3S,Cytosol,4407
C17556,"di-trans,poly-cis-Undecaprenyl phosphate",C55H91O4P,Cytosol,96023901
C16241,(R)-Lipoate,C8H14O2S2,Cytosol,47205549
C16238,Lipoyl-AMP,C18H26N5O8PS2,Cytosol,47205546
C06423,Octanoic acid,C8H16O2,Cytosol,8658
C02147,Dihydrolipoate,C8H16O2S2,Cytosol,5225
C22161,Dihydrolipoyl-AMP,C18H28N5O8PS2,Cytosol,405226352
C05893,Undecaprenyl-diphospho-N-acetylmuramoyl-(N-acetylglucosamine)-L-alanyl-gamma-D-glutamyl-L-lysyl-D-alanyl-D-alanine,C94H156N8O26P2,Cytosol,8181
C05894,Undecaprenyl-diphospho-N-acetylmuramoyl-(N-acetylglucosamine)-L-alanyl-D-isoglutaminyl-L-lysyl-D-alanyl-D-alanine,C94H157N9O25P2,Cytosol,8182
C00582,Phenylacetyl-CoA,C29H42N7O17P3S,Cytosol,3861
C19946,"3-Oxo-5,6-dehydrosuberyl-CoA semialdehyde",C29H44N7O19P3S,Cytosol,135626412
C03427,Prephytoene diphosphate,C40H68O7P2,Cytosol,6254
C05421,15-cis-Phytoene,C40H64,Cytosol,7785
C05413,all-trans-Phytoene,C40H64,Cytosol,7779
C02630,2-Hydroxyglutarate,C5H8O5,Cytosol,5610
C03058,2-Hydroxyglutaryl-CoA,C26H42N7O20P3S,Cytosol,5958
C14143,Adipyl-CoA,C27H44N7O19P3S,Cytosol,7846955
C03589,4-Hydroxy-2-oxopentanoate,C5H8O4,Cytosol,6380
C04083,N6-(Delta2-Isopentenyl)-adenine,C10H13N5,Cytosol,6776
C00147,Adenine,C5H5N5,Cytosol,3447
C07330,3-Methyl-2-butenal,C5H8O,Cytosol,9538
C00230,"3,4-Dihydroxybenzoate",C7H6O4,Cytosol,3529
C02527,Butanoylphosphate,C4H9O5P,Cytosol,5535
C00204,2-Dehydro-3-deoxy-D-gluconate,C6H10O6,Cytosol,3504
C04349,"(4S)-4,6-Dihydroxy-2,5-dioxohexanoate",C6H8O6,Cytosol,6998
C05811,2-Octaprenyl-6-hydroxyphenol,C46H70O2,Cytosol,8106
C05812,2-Octaprenyl-6-methoxyphenol,C47H72O2,Cytosol,8107
C17551,2-Polyprenyl-6-hydroxyphenol,C11H14O2(C5H8)n,Cytosol,96023896
C17552,2-Polyprenyl-6-methoxyphenol,C12H16O2(C5H8)n,Cytosol,96023897
C21860,3-Demethylubiquinol,C13H18O4(C5H8)n,Cytosol,375580952
C01353,Carbonic acid,H2CO3,Cytosol,4557
C04046,"3-D-Glucosyl-1,2-diacylglycerol",C11H16O10R2,Cytosol,6747
C06040,Diglucosyldiacylglycerol,C17H26O15R2,Cytosol,8311
G13181,Glycan,(DAG)1 (Glc)1,Cytosol,
G13182,Glycan,(DAG)1 (Glc)2,Cytosol,
C00751,Squalene,C30H50,Cytosol,4013
C06310,Diploptene,C30H50,Cytosol,8546
C06309,Diplopterol,C30H52O,Cytosol,8545
C05414,all-trans-Phytofluene,C40H62,Cytosol,7780
C05430,all-trans-zeta-Carotene,C40H60,Cytosol,7794
C15857,"9,9'-dicis-zeta-Carotene",C40H60,Cytosol,47205177
C02061,Plastoquinone,C8H8O2(C5H8)n,Cytosol,5150
C19764,"9,15,9'-tricis-zeta-Carotene",C40H60,Cytosol,135626231
C16693,Plastoquinol,C8H10O2(C5H8)n,Cytosol,51091015
C19765,"15,9'-dicis-Phytofluene",C40H62,Cytosol,135626232
C01163,"3-Carboxy-cis,cis-muconate",C7H6O6,Cytosol,4390
C01424,Gallate,C7H6O5,Cytosol,4609
C03671,"2-Pyrone-4,6-dicarboxylate",C7H4O6,Cytosol,6447
C01278,"2-Carboxy-2,5-dihydro-5-oxofuran-2-acetate",C7H6O6,Cytosol,4497
C03586,"2-Oxo-2,3-dihydrofuran-5-acetate",C6H6O4,Cytosol,6377
C00846,3-Oxoadipate,C6H8O5,Cytosol,4103
C19944,"3-Hydroxy-9,10-secoandrosta-1,3,5(10)-triene-9,17-dione",C19H24O3,Cytosol,135626410
C04793,"3,4-Dihydroxy-9,10-secoandrosta-1,3,5(10)-triene-9,17-dione",C19H24O4,Cytosol,7356
C00497,(R)-Malate,C4H6O5,Cytosol,3780
C00898,"(R,R)-Tartaric acid",C4H6O6,Cytosol,4154
C00552,meso-Tartaric acid,C4H6O6,Cytosol,3833
C03459,2-Hydroxy-3-oxosuccinate,C4H4O6,Cytosol,6279
C05575,Hercynine,C9H16N3O2,Cytosol,7901
C20995,gamma-L-Glutamyl-S-(hercyn-2-yl)-L-cysteine S-oxide,C17H28N5O8S,Cytosol,254741453
C20994,S-(Hercyn-2-yl)-L-cysteine S-oxide,C12H21N4O5S,Cytosol,254741452
C21015,gamma-L-Glutamyl-L-2-aminobutyrate,C9H16N2O5,Cytosol,254741469
C00643,5-Hydroxy-L-tryptophan,C11H12N2O3,Cytosol,3916
C05651,5-Hydroxykynurenine,C10H12N2O4,Cytosol,7962
C01242,[Protein]-S8-aminomethyldihydrolipoyllysine,C9H19N2OS2R,Cytosol,4463
C05980,Cardiolipin,C13H18O17P2R4,Cytosol,8259
C01132,N-Acetyl-D-galactosamine,C8H15NO6,Cytosol,4363
C04737,alpha-D-Galactosyl-(1->4)-beta-D-galactosyl-(1->4)-beta-D-glucosyl-(1<->1)-ceramide,C37H66NO18R,Cytosol,7308
C03272,Globoside,C45H79N2O23R,Cytosol,6133
C04730,GM3,C42H73N2O21R,Cytosol,7301
G00094,Glycan,(Gal)2 (GalNAc)1 (Glc)1 (Cer)1,Cytosol,
G00093,Glycan,(Gal)2 (Glc)1 (Cer)1,Cytosol,
G00092,Glycan,(Gal)1 (Glc)1 (Cer)1,Cytosol,
G00108,Glycan,(Gal)1 (Glc)1 (Neu5Ac)1 (Cer)1,Cytosol,
G13074,Glycan,(Gal)1 (GlcNAc)2 (S)1,Cytosol,
G01391,Glycan,(Gal)1 (GlcNAc)1 (S)1,Cytosol,
C04132,N-Acetyl-D-glucosamine 6-sulfate,C8H15NO9S,Cytosol,6818
G13056,Glycan,(GlcNAc)4 (LFuc)1 (Man)3 (Xyl)1 (Asn)1,Cytosol,
G10665,Glycan,(GlcNAc)2 (LFuc)1 (Man)3 (Xyl)1 (Asn)1,Cytosol,
C22467,Gangliotriaosylceramide-II3 sulfate,C39H69N2O21SR,Cytosol,497619826
C03405,Lactosylceramide sulfate,C31H56NO16SR,Cytosol,6234
C00885,Isochorismate,C10H10O6,Cytosol,4141
C04171,"(2S,3S)-2,3-Dihydro-2,3-dihydroxybenzoate",C7H8O4,Cytosol,6852
C03187,dTDP-6-deoxy-beta-L-talose,C16H26N2O15P2,Cytosol,6066
C03319,dTDP-L-rhamnose,C16H26N2O15P2,Cytosol,6171
C05691,Se-Adenosylselenomethionine,C15H23N6O5Se,Cytosol,7998
C11062,4-Hydroxybutyryl-CoA,C25H42N7O18P3S,Cytosol,13244
C03033,beta-D-Glucuronoside,C6H9O7R,Cytosol,5938
C00191,D-Glucuronate,C6H10O7,Cytosol,3491
C00069,Alcohol,HOR,Cytosol,3369
C05787,Bilirubin beta-diglucuronide,C45H52N4O18,Cytosol,8082
C05791,D-Urobilinogen,C33H42N4O6,Cytosol,8086
G13040,Glycan,(GlcA)2 (GlcNAc)1 (S)1,Cytosol,
G09660,Glycan,(GlcA)1 (GlcNAc)1 (S)1,Cytosol,
C04900,Luteolin 7-O-[beta-D-glucuronosyl-(1->2)-beta-D-glucuronide]-4'-O-beta-D-glucuronide,C33H34O24,Cytosol,7450
C12632,Luteolin 7-O-[beta-D-glucuronosyl-(1->2)-beta-D-glucuronide],C27H26O18,Cytosol,583022
C11376,SN38 glucuronide,C28H28N2O11,Cytosol,13550
C11173,SN-38,C22H20N2O5,Cytosol,13355
G00526,Glycan,(GlcA)2 (GlcNAc)2,Cytosol,
C00190,UDP-D-xylose,C14H22N2O16P2,Cytosol,3490
C01561,Calcidiol,C27H44O2,Cytosol,4719
C01673,Calcitriol,C27H44O3,Cytosol,4817
C07712,Secalciferol,C27H44O3,Cytosol,9914
C18231,Calcitetrol,C27H44O4,Cytosol,103061413
C16356,"1,7-Dimethyluric acid",C7H8N4O3,Cytosol,47205664
C12673,Tegafur,C8H9FN2O3,Cytosol,583063
C07649,5-FU,C4H3FN2O2,Cytosol,9851
C16835,Succinic aldehyde,C4H6O2,Cytosol,96023359
C07185,Valproic acid,C8H16O2,Cytosol,9394
C16648,2-n-Propyl-4-pentenoic acid,C8H14O2,Cytosol,51090972
C16649,4-Hydroxyvalproic acid,C8H16O3,Cytosol,51090973
C16650,5-Hydroxyvalproic acid,C8H16O3,Cytosol,51090974
C16651,3-Hydroxyvalproic acid,C8H16O3,Cytosol,51090975
C19563,4-[(Hydroxymethyl)nitrosoamino]-1-(3-pyridinyl)-1-butanone,C10H13N3O3,Cytosol,124490235
C19574,4-(Methylnitrosamino)-1-(3-pyridyl)-1-butanol,C10H15N3O2,Cytosol,124490246
C19577,"1-(Methylnitrosoamino)-4-(3-pyridinyl)-1,4-butanediol",C10H15N3O3,Cytosol,124490249
C19580,alpha-[3-[(Hydroxymethyl)nitrosoamino]propyl]-3-pyridinemethanol,C10H15N3O3,Cytosol,124490252
C15858,"7,9,7',9'-tetracis-Lycopene",C40H56,Cytosol,47205178
C05432,Lycopene,C40H56,Cytosol,7796
C03688,Apo-[acyl-carrier protein],,Cytosol,6463
C02348,(R)(-)-Allantoin,C4H6N4O3,Cytosol,5396
C02483,gamma-Tocopherol,C28H48O2,Cytosol,5496
C02477,alpha-Tocopherol,C29H50O2,Cytosol,5492
C14151,delta-Tocopherol,C27H46O2,Cytosol,7846963
C14152,beta-Tocopherol,C28H48O2,Cytosol,7846964
C14155,gamma-Tocotrienol,C28H42O2,Cytosol,7846967
C14153,alpha-Tocotrienol,C29H44O2,Cytosol,7846965
C14156,delta-Tocotrienol,C27H40O2,Cytosol,7846968
C14154,beta-Tocotrienol,C28H42O2,Cytosol,7846966
C00096,GDP-mannose,C16H25N5O16P2,Cytosol,3396
C02280,GDP-L-galactose,C16H25N5O16P2,Cytosol,5337
C15925,GDP-L-gulose,C16H25N5O16P2,Cytosol,47205243
C11133,Estrone glucuronide,C24H30O8,Cytosol,13315
C00486,Bilirubin,C33H36N4O6,Cytosol,3769
C00523,Androsterone,C19H30O2,Cytosol,3806
C11135,Androsterone glucuronide,C25H38O8,Cytosol,13317
C00535,Testosterone,C19H28O2,Cytosol,3817
C11134,Testosterone glucuronide,C25H36O8,Cytosol,13316
C11061,all-trans-Retinoyl-beta-glucuronide,C26H36O8,Cytosol,13243
C00951,Estradiol-17beta,C18H24O2,Cytosol,4202
C05503,Estradiol-17beta 3-glucuronide,C24H32O8,Cytosol,7856
C04373,Etiocholanolone,C19H30O2,Cytosol,7015
C11136,Etiocholan-3alpha-ol-17-one 3-glucuronide,C25H38O8,Cytosol,13318
C05299,2-Methoxyestrone,C19H24O3,Cytosol,7683
C11132,2-Methoxyestrone 3-glucuronide,C25H32O9,Cytosol,13314
C05302,2-Methoxy-17beta-estradiol,C19H26O3,Cytosol,7686
C11131,2-Methoxy-estradiol-17beta 3-glucuronide,C25H34O9,Cytosol,13313
C05141,Estriol,C18H24O3,Cytosol,7560
C05504,16-Glucuronide-estriol,C24H32O9,Cytosol,7857
C14869,Trichloroethanol glucuronide,C8H11Cl3O7,Cytosol,17395867
C16577,Codeine-6-glucuronide,C24H29NO9,Cytosol,51090906
C01516,Morphine,C17H19NO3,Cytosol,4681
C16643,Morphine-3-glucuronide,C23H27NO9,Cytosol,51090968
C16578,Morphine-6-glucuronide,C23H27NO9,Cytosol,51090907
C19605,4-(Methylnitrosamino)-1-(3-pyridyl)-1-butanol glucuronide,C16H23N3O8,Cytosol,124490274
C19606,NNAL-N-glucuronide,C16H23N3O8,Cytosol,124490275
C19645,Acceptor,,Cytosol,124490296
C19646,Acceptor beta-D-glucuronoside,,Cytosol,124490297
C04590,3-(O-Geranylgeranyl)-sn-glycerol 1-phosphate,C23H41O6P,Cytosol,7189
C04638,"2,3-Bis-(O-geranylgeranyl)-sn-glycerol 1-phosphate",C43H73O6P,Cytosol,7227
C19859,"5-Methoxy-2-methyl-3-(all-trans-polyprenyl)benzene-1,4-diol",C13H18O3(C5H8)n,Cytosol,135626326
C06735,Aminoacetaldehyde,C2H5NO,Cytosol,8957
C21295,5-Methylphenazine-1-carboxylate,C14H11N2O2,Cytosol,318172275
C01748,Pyocyanine,C13H10N2O,Cytosol,4882
C21442,Phenazine-1-carboxylate,C13H8N2O2,Cytosol,329728065
C21477,1-Hydroxyphenazine,C12H8N2O,Cytosol,329970429
C04534,"6-Phospho-beta-D-glucosyl-(1,4)-D-glucose",C12H23O14P,Cytosol,7141
C06187,Arbutin 6-phosphate,C12H17O10P,Cytosol,8438
C00530,Hydroquinone,C6H6O2,Cytosol,3812
C06188,Salicin 6-phosphate,C13H19O10P,Cytosol,8439
C02323,Salicyl alcohol,C7H8O2,Cytosol,5375
C00418,(R)-Mevalonate,C6H12O4,Cytosol,3708
C00356,(S)-3-Hydroxy-3-methylglutaryl-CoA,C27H44N7O20P3S,Cytosol,3649
C00360,dAMP,C10H14N5O6P,Cytosol,3651
C03028,Thiamin triphosphate,C12H20N4O10P3S,Cytosol,5933
C22072,2-[(L-Alanin-3-ylcarbamoyl)methyl]-2-hydroxybutanedioate,C9H14N2O8,Cytosol,384585131
C22073,2-[(2-Aminoethylcarbamoyl)methyl]-2-hydroxybutanedioate,C8H14N2O6,Cytosol,384585132
C03401,"L-2,3-Diaminopropanoate",C3H8N2O2,Cytosol,6231
C22074,2-[(L-Alanin-3-ylcarbamoyl)methyl]-3-(2-aminoethylcarbamoyl)-2-hydroxypropanoate,C11H20N4O7,Cytosol,384585133
C22075,Staphyloferrin B,C16H24N4O11,Cytosol,384585134
C21559,N-[(2S)-2-Amino-2-carboxyethyl]-L-glutamate,C8H14N2O6,Cytosol,336445197
C01010,Urea-1-carboxylate,C2H4N2O3,Cytosol,4255
C06019,D-arabino-Hex-3-ulose 6-phosphate,C6H13O9P,Cytosol,8291
C03451,(R)-S-Lactoylglutathione,C13H21N3O8S,Cytosol,6272
C00514,D-Mannonate,C6H12O7,Cytosol,3797
C00513,CDP-glycerol,C12H21N3O13P2,Cytosol,3796
C04536,Magnesium protoporphyrin monomethyl ester,C35H34MgN4O4,Cytosol,7143
C11829,13(1)-Hydroxy-magnesium-protoporphyrin IX 13-monomethyl ester,C35H34MgN4O5,Cytosol,13993
C11830,13(1)-Oxo-magnesium-protoporphyrin IX 13-monomethyl ester,C35H32MgN4O5,Cytosol,13994
C11831,Divinylprotochlorophyllide,C35H30MgN4O5,Cytosol,13995
C06424,Tetradecanoic acid,C14H28O2,Cytosol,8659
C05437,Zymosterol,C27H44O,Cytosol,7800
C04525,Fecosterol,C28H46O,Cytosol,7136
C01902,Cycloartenol,C30H50O,Cytosol,5012
C08830,24-Methylidenecycloartanol,C31H52O,Cytosol,11023
C01210,N-Methylethanolamine phosphate,C3H10NO4P,Cytosol,4432
C13482,Phosphodimethylethanolamine,C4H12NO4P,Cytosol,586220
C04297,"CDP-4-dehydro-3,6-dideoxy-D-glucose",C15H23N3O14P2,Cytosol,6956
C01219,CDP-4-dehydro-6-deoxy-D-glucose,C15H23N3O15P2,Cytosol,4441
C16155,UDP-L-Ara4O,C14H20N2O16P2,Cytosol,47205465
C16153,UDP-L-Ara4N,C14H23N3O15P2,Cytosol,47205463
C12323,L-4-Hydroxyphenylglycine,C8H9NO3,Cytosol,582713
C17355,Nocardicin G,C19H19N3O6,Cytosol,96023708
C20910,L-4-Hydroxyphenylglycyl-L-arginine,C14H21N5O4,Cytosol,254741373
C00740,D-Serine,C3H7NO3,Cytosol,4003
C00179,Agmatine,C5H14N4,Cytosol,3479
C00410,Progesterone,C21H30O2,Cytosol,3700
C03205,11-Deoxycorticosterone,C21H30O3,Cytosol,6081
C05497,21-Deoxycortisol,C21H30O4,Cytosol,7850
C00735,Cortisol,C21H30O5,Cytosol,3998
C01176,17alpha-Hydroxyprogesterone,C21H30O3,Cytosol,4403
C05488,11-Deoxycortisol,C21H30O4,Cytosol,7847
C01953,Pregnenolone,C21H32O2,Cytosol,5056
C05485,21-Hydroxypregnenolone,C21H32O3,Cytosol,7845
C05498,11beta-Hydroxyprogesterone,C21H30O3,Cytosol,7851
C02140,Corticosterone,C21H30O4,Cytosol,5219
C05138,17alpha-Hydroxypregnenolone,C21H32O3,Cytosol,7557
C05487,"17alpha,21-Dihydroxypregnenolone",C21H32O4,Cytosol,7846
C01215,2-(Acetamidomethylene)succinate,C7H9NO5,Cytosol,4437
C18054,2-Amino-2-deoxyisochorismate,C10H11NO5,Cytosol,96024274
C20144,"Androsta-1,4-diene-3,17-dione",C19H24O2,Cytosol,135626604
C19830,"(5S,6S)-6-Amino-5-hydroxycyclohexa-1,3-diene-1-carboxylate",C7H9NO3,Cytosol,135626297
C19831,"(1R,6S)-6-Amino-5-oxocyclohex-2-ene-1-carboxylate",C7H9NO3,Cytosol,135626298
C21408,"(1R,6R)-1,4,5,5a,6,9-Hexahydrophenazine-1,6-dicarboxylate",C14H14N2O4,Cytosol,328082951
C21473,"(1R,5aS,6R)-4a-Hydroxy-1,4,4a,5,5a,6,9,10a-octahydrophenazine-1,6-dicarboxylate",C14H16N2O5,Cytosol,329970425
C00491,L-Cystine,C6H12N2O4S2,Cytosol,3774
C01962,Thiocysteine,C3H7NO2S2,Cytosol,5063
C02882,L-Cysteine-S-conjugate,C3H6NO2SR,Cytosol,5813
C00145,Thiol,HSR,Cytosol,3445
C03108,D-Glucosylsphingosine,C24H47NO7,Cytosol,6004
C04261,Protein N(pi)-phospho-L-histidine,C7H9N4O5PR2,Cytosol,6926
C00615,Protein histidine,C7H8N4O2R2,Cytosol,3889
C01094,D-Fructose 1-phosphate,C6H13O9P,Cytosol,4329
C02739,1-(5-Phospho-D-ribosyl)-ATP,C15H25N5O20P4,Cytosol,5699
C02741,Phosphoribosyl-AMP,C15H23N5O14P2,Cytosol,5701
C00305,Magnesium cation,Mg,Cytosol,3599
C03516,Magnesium protoporphyrin,C34H32MgN4O4,Cytosol,6325
C05435,gamma-Carotene,C40H56,Cytosol,7799
C02094,beta-Carotene,C40H56,Cytosol,5178
C05431,all-trans-Neurosporene,C40H58,Cytosol,7795
C05434,beta-Zeacarotene,C40H58,Cytosol,7798
C08586,delta-Carotene,C40H56,Cytosol,10779
C05433,alpha-Carotene,C40H56,Cytosol,7797
C16291,"7,8-Dihydro-beta-carotene",C40H58,Cytosol,47205599
C02743,[Protein]-L-cysteine,C4H6N2O2SR2,Cytosol,5703
C21440,[Protein]-S-sulfanyl-L-cysteine,C4H6N2O2S2R2,Cytosol,329728063
C15670,Heme A,C49H56FeN4O6,Cytosol,47204997
C00236,3-Phospho-D-glyceroyl phosphate,C3H8O10P2,Cytosol,3535
C00337,(S)-Dihydroorotate,C5H6N2O4,Cytosol,3630
C00295,Orotate,C5H4N2O4,Cytosol,3589
C04332,"6,7-Dimethyl-8-(D-ribityl)lumazine",C13H18N4O6,Cytosol,6983
C00255,Riboflavin,C17H20N4O6,Cytosol,3554
C04454,5-Amino-6-(5'-phospho-D-ribitylamino)uracil,C9H17N4O9P,Cytosol,7081
C01268,5-Amino-6-(5'-phosphoribosylamino)uracil,C9H15N4O9P,Cytosol,4487
C00380,Cytosine,C4H5N3O,Cytosol,3670
C02376,5-Methylcytosine,C5H7N3O,Cytosol,5418
C00178,Thymine,C5H6N2O2,Cytosol,3478
C00791,Creatinine,C4H7N3O,Cytosol,4049
C03294,N-Formylmethionyl-tRNA,C21H30N6O12PSR(C5H8O6PR)n,Cytosol,6151
C00362,dGMP,C10H14N5O7P,Cytosol,3653
C22441,dZMP,C10H15N6O6P,Cytosol,497619800
C01103,Orotidine 5'-phosphate,C10H13N2O11P,Cytosol,4337
C01563,Carbamate,CH3NO2,Cytosol,4721
C20969,Carboxyphosphate,CH3O6P,Cytosol,254741428
C00438,N-Carbamoyl-L-aspartate,C5H8N2O5,Cytosol,3727
C02637,3-Dehydroshikimate,C7H8O5,Cytosol,5617
C00493,Shikimate,C7H10O5,Cytosol,3776
C03175,Shikimate 3-phosphate,C7H11O8P,Cytosol,6057
C01269,5-O-(1-Carboxyvinyl)-3-phosphoshikimate,C10H13O10P,Cytosol,4488
C02995,Maltose 6'-phosphate,C12H23O14P,Cytosol,5904
C01451,Salicin,C13H18O7,Cytosol,4628
C06186,Arbutin,C12H16O7,Cytosol,8437
C02713,N-Acetylmuramate,C11H19NO8,Cytosol,5676
C04677,1-(5'-Phosphoribosyl)-5-amino-4-imidazolecarboxamide,C9H15N4O8P,Cytosol,7258
C04051,5-Amino-4-imidazolecarboxyamide,C4H6N4O,Cytosol,6752
C03892,Phosphatidylglycerophosphate,C8H14O13P2R2,Cytosol,6624
C01260,"P1,P4-Bis(5'-adenosyl)tetraphosphate",C20H28N10O19P4,Cytosol,4479
G10610,Glycan,(UDP-GlcNAc)1,Cytosol,
G12573,Glycan,(GlcNAc)1 (Ser/Thr)1,Cytosol,
C19802,[Protein]-3-O-(N-acetyl-D-glucosaminyl)-L-serine,C12H19N3O8R2,Cytosol,135626269
C00942,"3',5'-Cyclic GMP",C10H12N5O7P,Cytosol,4194
C03912,(S)-1-Pyrroline-5-carboxylate,C5H7NO2,Cytosol,6642
C04281,L-1-Pyrroline-3-hydroxy-5-carboxylate,C5H7NO3,Cytosol,6943
C05947,L-erythro-4-Hydroxyglutamate,C5H9NO5,Cytosol,8231
C05938,L-4-Hydroxyglutamate semialdehyde,C5H9NO4,Cytosol,8224
C00148,L-Proline,C5H9NO2,Cytosol,3448
C01286,2-Dehydro-3-deoxy-6-phospho-D-galactonate,C6H11O9P,Cytosol,4505
C01213,(R)-Methylmalonyl-CoA,C25H40N7O19P3S,Cytosol,4435
C11521,UDP-6-sulfoquinovose,C15H24N2O19P2S,Cytosol,13689
C05629,Phenylpropanoate,C9H10O2,Cytosol,7943
C11588,"cis-3-(Carboxy-ethyl)-3,5-cyclo-hexadiene-1,2-diol",C9H12O4,Cytosol,13753
C12622,"cis-3-(3-Carboxyethenyl)-3,5-cyclohexadiene-1,2-diol",C9H10O4,Cytosol,583012
C01302,1-(2-Carboxyphenylamino)-1-deoxy-D-ribulose 5-phosphate,C12H16NO9P,Cytosol,4520
C04896,5-(5-Phospho-D-ribosylaminoformimino)-1-(5-phosphoribosyl)-imidazole-4-carboxamide,C15H25N5O15P2,Cytosol,7447
C04916,N-(5'-Phospho-D-1'-ribulosylformimino)-5-amino-1-(5''-phospho-D-ribosyl)-4-imidazolecarboxamide,C15H25N5O15P2,Cytosol,7464
C04666,D-erythro-1-(Imidazol-4-yl)glycerol 3-phosphate,C6H11N2O6P,Cytosol,7249
C00860,L-Histidinol,C6H11N3O,Cytosol,4117
C01929,L-Histidinal,C6H9N3O,Cytosol,5035
C03722,Quinolinate,C7H5NO4,Cytosol,6487
C05840,Iminoaspartate,C4H5NO4,Cytosol,8133
C05933,N(omega)-Hydroxyarginine,C6H14N4O3,Cytosol,8221
C00533,Nitric oxide,NO,Cytosol,3815
C01050,UDP-N-acetylmuramate,C20H31N3O19P2,Cytosol,4292
C01212,UDP-N-acetylmuramoyl-L-alanine,C23H36N4O20P2,Cytosol,4434
C05897,"Undecaprenyl-diphospho-N-acetylmuramoyl-L-alanyl-D-glutamyl-meso-2,6-diaminopimeloyl-D-alanyl-D-alanine",C87H143N7O23P2,Cytosol,8185
C04851,MurAc(oyl-L-Ala-D-gamma-Glu-L-Lys-D-Ala-D-Ala)-diphospho-undecaprenol,C86H143N7O21P2,Cytosol,7408
G10552,Glycan,(MurNAc)1 (D-Ala-D-Ala-Lys-gamma-D-Glu-Ala)1 (PP-Und)1,Cytosol,
G10553,Glycan,(GlcNAc)1 (MurNAc)1 (D-Ala-D-Ala-Lys-gamma-D-Glu-Ala)1 (PP-Und)1,Cytosol,
G10556,Glycan,(MurNAc)1 (D-Ala-D-Ala-A2pm-gamma-D-Glu-Ala)1 (PP-Und)1,Cytosol,
C00692,UDP-N-acetylmuramoyl-L-alanyl-D-glutamate,C28H43N5O23P2,Cytosol,3960
C04702,UDPMurNAc(oyl-L-Ala-D-gamma-Glu-L-Lys-D-Ala-D-Ala),C40H65N9O26P2,Cytosol,7277
C04882,UDP-N-acetylmuramoyl-L-alanyl-D-glutamyl-6-carboxy-L-lysyl-D-alanyl-D-alanine,C41H65N9O28P2,Cytosol,7434
C05892,UDP-N-acetylmuramoyl-L-alanyl-gamma-D-glutamyl-L-lysine,C34H55N7O24P2,Cytosol,8180
C00993,D-Alanyl-D-alanine,C6H12N2O3,Cytosol,4239
C04877,"UDP-N-acetylmuramoyl-L-alanyl-gamma-D-glutamyl-meso-2,6-diaminopimelate",C35H55N7O26P2,Cytosol,7429
C00748,Siroheme,C42H44FeN4O16,Cytosol,4010
C05778,Sirohydrochlorin,C42H46N4O16,Cytosol,8073
C02463,Precorrin 2,C42H48N4O16,Cytosol,5480
C00175,Cobalt ion,Co,Cytosol,3475
C11538,Cobalt-sirohydrochlorin,C42H44CoN4O16,Cytosol,13705
C06408,Precorrin 8X,C45H60N4O14,Cytosol,8643
C06399,Hydrogenobyrinate,C45H60N4O14,Cytosol,8635
C11545,Cobalt-precorrin 8,C45H59CoN4O14,Cytosol,13712
C05773,Cobyrinate,C45H59CoN4O14,Cytosol,8068
C06406,Precorrin 3B,C43H50N4O17,Cytosol,8641
C06407,Precorrin 4,C44H52N4O17,Cytosol,8642
C11539,Cobalt-precorrin 3,C43H48CoN4O16,Cytosol,13706
C11540,Cobalt-precorrin 4,C44H50CoN4O16,Cytosol,13707
C16242,Cobalt-precorrin 5A,C45H52CoN4O16,Cytosol,47205550
C16243,Cobalt-precorrin 5B,C43H50CoN4O16,Cytosol,47205551
C17401,Cobalt-factor III,C43H46CoN4O16,Cytosol,96023754
C06319,Precorrin 6Y,C44H56N4O16,Cytosol,8555
C11543,Cobalt-dihydro-precorrin 6,C44H55CoN4O16,Cytosol,13710
C16244,Cobalt-precorrin 7,C44H57CoN4O14,Cytosol,47205552
C11542,Cobalt-precorrin 6,C44H53CoN4O16,Cytosol,13709
C06416,Precorrin 5,C45H54N4O17,Cytosol,8651
C05772,Precorrin 3A,C43H50N4O16,Cytosol,8067
C06503,"Hydrogenobyrinate a,c diamide",C45H62N6O12,Cytosol,8734
C06504,"Cob(II)yrinate a,c diamide",C45H61CoN6O12,Cytosol,8735
C00853,Cob(I)alamin,C62H89CoN13O14P,Cytosol,4110
C06505,"Cob(I)yrinate a,c diamide",C45H61CoN6O12,Cytosol,8736
C06506,"Adenosyl cobyrinate a,c diamide",C55H73CoN11O15,Cytosol,8737
C05774,Cobinamide,C48H72CoN11O8,Cytosol,8069
C02869,Oxidized flavodoxin,,Cytosol,5805
C02745,Reduced flavodoxin,,Cytosol,5705
C03284,L-3-Aminoisobutanoate,C4H9NO2,Cytosol,6143
C06206,Benzoyl phosphate,C7H7O5P,Cytosol,8456
C20856,2-Hydroxy-5-methyl-1-naphthoate,C12H10O3,Cytosol,254741322
C20857,"2,7-Dihydroxy-5-methyl-1-naphthoate",C12H10O4,Cytosol,254741323
C19156,(2S)-2-Phospholactate,C3H7O6P,Cytosol,124489828
C19155,(2S)-Lactyl-2-diphospho-5'-guanosine,C13H19N5O13P2,Cytosol,124489827
C22297,Enolpyruvoyl-2-diphospho-5'-guanosine,C13H17N5O13P2,Cytosol,497619663
C02612,(R)-2-Methylmalate,C5H8O5,Cytosol,5597
C02226,2-Methylmaleate,C5H6O4,Cytosol,5291
C02631,2-Isopropylmaleate,C7H10O4,Cytosol,5611
C17210,2-(2'-Methylthio)ethylmalic acid,C7H12O5S,Cytosol,96023618
C17212,3-(2'-Methylthio)ethylmalic acid,C7H12O5S,Cytosol,96023620
C17214,2-(3'-Methylthio)propylmalic acid,C8H14O5S,Cytosol,96023622
C17215,3-(3'-Methylthio)propylmalic acid,C8H14O5S,Cytosol,96023623
C17218,2-(4'-Methylthio)butylmalic acid,C9H16O5S,Cytosol,96023626
C17219,3-(4'-Methylthio)butylmalic acid,C9H16O5S,Cytosol,96023627
C17222,2-(5'-Methylthio)pentylmalic acid,C10H18O5S,Cytosol,96023630
C17223,3-(5'-Methylthio)pentylmalic acid,C10H18O5S,Cytosol,96023631
C17226,2-(6'-Methylthio)hexylmalic acid,C11H20O5S,Cytosol,96023634
C17227,3-(6'-Methylthio)hexylmalic acid,C11H20O5S,Cytosol,96023635
C17230,2-(7'-Methylthio)heptylmalic acid,C12H22O5S,Cytosol,96023638
C17231,3-(7'-Methylthio)heptylmalic acid,C12H22O5S,Cytosol,96023639
C06241,N-Acetylneuraminate 9-phosphate,C11H20NO12P,Cytosol,8482
C01641,tRNA(Glu),,Cytosol,4790
C02987,L-Glutamyl-tRNA(Glu),C20H28N6O13PR(C5H8O6PR)n,Cytosol,5896
C15811,[Enzyme]-cysteine,C4H6N2O2SR2,Cytosol,47205136
C15812,[Enzyme]-S-sulfanylcysteine,C4H6N2O2S2R2,Cytosol,47205137
C00718,Amylose,(C6H10O5)n,Cytosol,3984
C00275,D-Mannose 6-phosphate,C6H13O9P,Cytosol,3572
C18026,(2S)-Ethylmalonyl-CoA,C26H42N7O19P3S,Cytosol,96024246
C20238,(2R)-Ethylmalonyl-CoA,C26H42N7O19P3S,Cytosol,163311981
C02954,6-Aminopenicillanate,C8H12N2O3S,Cytosol,5872
C00089,Sucrose,C12H22O11,Cytosol,3389
G00370,Glycan,(Fruf)1 (Glc)1,Cytosol,
C04631,UDP-N-acetyl-3-(1-carboxyvinyl)-D-glucosamine,C20H29N3O19P2,Cytosol,7220
C01289,N-Acetyl-D-glucosaminyldiphosphoundecaprenol,C63H105NO12P2,Cytosol,4508
C02970,Decaprenol phosphate,C50H83O4P,Cytosol,5883
C20390,"N-Acetyl-alpha-D-glucosaminyl-diphospho-trans,octacis-decaprenol",C58H97NO12P2,Cytosol,163312128
G13118,Glycan,(GlcNAc)1 (PP-C50)1,Cytosol,
G13164,Glycan,(GlcNAc)1 (PP-Und)1,Cytosol,
C00596,"2-Hydroxy-2,4-pentadienoate",C5H6O3,Cytosol,3873
C04479,"2-Hydroxy-6-oxonona-2,4-diene-1,9-dioate",C9H10O6,Cytosol,7099
C12624,2-Hydroxy-6-ketononatrienedioate,C9H8O6,Cytosol,583014
C00263,L-Homoserine,C4H9NO3,Cytosol,3561
C15613,"(25R)-3alpha,7alpha,12alpha-Trihydroxy-5beta-cholestan-26-oyl-CoA",C48H80N7O20P3S,Cytosol,17396604
C17343,"(25S)-3alpha,7alpha,12alpha-Trihydroxy-5beta-cholestan-26-oyl-CoA",C48H80N7O20P3S,Cytosol,96023700
C17345,"(25R)-3alpha,7alpha-Dihydroxy-5beta-cholestanoyl-CoA",C48H80N7O19P3S,Cytosol,96023701
C17346,"(25S)-3alpha,7alpha-Dihydroxy-5beta-cholestanoyl-CoA",C48H80N7O19P3S,Cytosol,96023702
C23011,(25R)-3-Oxocholest-4-en-26-oyl-CoA,C48H76N7O18P3S,Cytosol,507530370
C20840,(25S)-3-Oxocholest-4-en-26-oyl-CoA,C48H76N7O18P3S,Cytosol,254741306
C16848,6-Deoxy-5-ketofructose 1-phosphate,C6H11O8P,Cytosol,96023372
C16849,Hydroxypyruvaldehyde phosphate,C3H5O6P,Cytosol,96023373
C03508,L-2-Amino-3-oxobutanoic acid,C4H7NO3,Cytosol,6318
C03680,4-Imidazolone-5-propanoate,C6H8N2O3,Cytosol,6455
C00439,N-Formimino-L-glutamate,C6H10N2O4,Cytosol,3728
C01045,N-Formyl-L-glutamate,C6H9NO5,Cytosol,4287
C00785,Urocanate,C6H6N2O2,Cytosol,4043
C11907,dTDP-4-oxo-6-deoxy-D-glucose,C16H24N2O15P2,Cytosol,14069
C00688,dTDP-4-dehydro-beta-L-rhamnose,C16H24N2O15P2,Cytosol,3957
C00422,Triacylglycerol,C6H5O6R3,Cytosol,3712
C01629,Wax ester,,Cytosol,4779
C00636,D-Mannose 1-phosphate,C6H13O9P,Cytosol,3909
C19153,Coenzyme F420-0,C19H22N3O12P,Cytosol,124489825
C22277,Dehydro coenzyme F420-0,C19H20N3O12P,Cytosol,497619661
C20416,"alpha-L-Rhamnopyranosyl-(1->3)-N-acetyl-alpha-D-glucosaminyl-diphospho-trans,octacis-decaprenol",C64H107NO16P2,Cytosol,163312153
C15667,5-Carboxyamino-1-(5-phospho-D-ribosyl)imidazole,C9H14N3O9P,Cytosol,47204994
C04751,1-(5-Phospho-D-ribosyl)-5-amino-4-imidazolecarboxylate,C9H14N3O9P,Cytosol,7321
C04675,3-Hydroxy-3-(4-methylpent-3-en-1-yl)glutaryl-CoA,C32H52N7O20P3S,Cytosol,7256
C16466,7-Methyl-3-oxo-6-octenoyl-CoA,C30H48N7O18P3S,Cytosol,47205762
C05921,Biotinyl-5'-AMP,C20H28N7O9PS,Cytosol,8209
C06249,Apo-[carboxylase],C7H13N3O2R2,Cytosol,8488
C01825,L-Galactose,C6H12O6,Cytosol,4948
C01115,"L-Galactono-1,4-lactone",C6H10O6,Cytosol,4347
C01019,L-Fucose,C6H12O5,Cytosol,4264
C18028,"L-Fucono-1,5-lactone",C6H10O5,Cytosol,96024248
C01720,L-Fuconate,C6H12O6,Cytosol,4857
C03827,2-Dehydro-3-deoxy-L-fuconate,C6H10O5,Cytosol,6570
C00309,D-Ribulose,C5H10O5,Cytosol,3603
C00620,alpha-D-Ribose 1-phosphate,C5H11O8P,Cytosol,3894
C00294,Inosine,C10H12N4O5,Cytosol,3588
C00672,2-Deoxy-D-ribose 1-phosphate,C5H11O7P,Cytosol,3941
C00387,Guanosine,C10H13N5O5,Cytosol,3677
C03150,Nicotinamide-beta-riboside,C11H15N2O5,Cytosol,6038
C05841,Nicotinate D-ribonucleoside,C11H14NO6,Cytosol,8134
C01762,Xanthosine,C10H12N4O6,Cytosol,4895
C00559,Deoxyadenosine,C10H13N5O3,Cytosol,3839
C05512,Deoxyinosine,C10H12N4O4,Cytosol,7859
C15586,N-D-Ribosylpurine,C10H12N4O4,Cytosol,17396578
C15587,Purine,C5H4N4,Cytosol,17396579
C20463,Purine deoxyribonucleoside,C10H12N4O3,Cytosol,163312200
C00214,Thymidine,C10H14N2O5,Cytosol,3514
C00526,Deoxyuridine,C9H12N2O5,Cytosol,3809
C12739,5'-Deoxy-5-fluorouridine,C9H11FN2O5,Cytosol,583128
C16637,5-Deoxyribose-1-phosphate,C5H11O7P,Cytosol,51090963
C11736,5-Fluorodeoxyuridine,C9H11FN2O5,Cytosol,13901
C00475,Cytidine,C9H13N3O5,Cytosol,3758
C00299,Uridine,C9H12N2O6,Cytosol,3593
C00881,Deoxycytidine,C9H13N3O4,Cytosol,4137
C16635,5'-Deoxy-5-fluorocytidine,C9H12FN3O4,Cytosol,51090961
C09822,Cyclohexane-1-carboxylate,C7H12O2,Cytosol,12010
C04404,trans-4-Hydroxycyclohexanecarboxylate,C7H12O3,Cytosol,7040
C05379,Oxalosuccinate,C6H6O7,Cytosol,7753
C15532,N-Acetyl-L-citrulline,C8H15N3O4,Cytosol,17396524
C04734,1-(5'-Phosphoribosyl)-5-formamido-4-imidazolecarboxamide,C10H15N4O9P,Cytosol,7305
C03838,5'-Phosphoribosylglycinamide,C7H15N2O8P,Cytosol,6578
C04376,5'-Phosphoribosyl-N-formylglycinamide,C8H15N2O9P,Cytosol,7017
C01089,(R)-3-Hydroxybutanoate,C4H8O3,Cytosol,4324
C16618,6-Thioxanthine 5'-monophosphate,C10H13N4O8PS,Cytosol,51090944
C11821,5-Hydroxyisourate,C5H4N4O4,Cytosol,13985
C12248,"5-Hydroxy-2-oxo-4-ureido-2,5-dihydro-1H-imidazole-5-carboxylate",C5H6N4O5,Cytosol,14393
C16361,"1,3,7-Trimethyluric acid",C8H10N4O3,Cytosol,47205669
C16362,"3,6,8-Trimethylallantoin",C7H12N4O3,Cytosol,47205670
C00302,Glutamate,C5H9NO4,Cytosol,3596
C05527,3-Sulfinylpyruvate,C3H4O5S,Cytosol,7870
C05946,(4R)-4-Hydroxy-2-oxoglutarate,C5H6O6,Cytosol,8230
C19847,Demethylmenaquinol,C15H16O2(C5H8)n,Cytosol,135626314
C19858,"2-Methoxy-6-all-trans-polyprenyl-1,4-benzoquinol",C12H16O3(C5H8)n,Cytosol,135626325
C03160,2-Succinylbenzoyl-CoA,C32H44N7O20P3S,Cytosol,6045
C05847,all-trans-Polyprenyl diphosphate,C5H12O7P2(C5H8)n,Cytosol,8140
C00430,5-Aminolevulinate,C5H9NO3,Cytosol,3719
C03741,(S)-4-Amino-5-oxopentanoate,C5H9NO3,Cytosol,6504
C00931,Porphobilinogen,C10H14N2O4,Cytosol,4184
C01157,Hydroxyproline,C5H9NO3,Cytosol,4385
C03231,3-Methylglutaconyl-CoA,C27H42N7O19P3S,Cytosol,6102
C04640,2-(Formamido)-N1-(5'-phosphoribosyl)acetamidine,C8H16N3O8P,Cytosol,7229
C03090,5-Phosphoribosylamine,C5H12NO7P,Cytosol,5988
C00819,D-Glutamine,C5H10N2O3,Cytosol,4077
C04823,1-(5'-Phosphoribosyl)-5-amino-4-(N-succinocarboxamide)-imidazole,C13H19N4O12P,Cytosol,7384
C03794,"N6-(1,2-Dicarboxyethyl)-AMP",C14H18N5O11P,Cytosol,6543
C22395,N6-Succino-2-amino-2'-deoxyadenylate,C14H19N6O10P,Cytosol,497619755
C05519,L-Allothreonine,C4H9NO3,Cytosol,7864
C00447,"Sedoheptulose 1,7-bisphosphate",C7H16O13P2,Cytosol,3735
C03431,S-Inosyl-L-homocysteine,C14H19N5O6S,Cytosol,6258
C19787,5'-S-Methyl-5'-thioinosine,C11H14N4O4S,Cytosol,135626254
C16327,OPC8-CoA,C39H64N7O18P3S,Cytosol,47205635
C16168,"(6Z,9Z,12Z,15Z,18Z,21Z)-Tetracosahexaenoyl-CoA",C45H70N7O17P3S,Cytosol,47205478
C16374,"(2E,6Z,9Z,12Z,15Z,18Z,21Z)-Tetracosaheptaenoyl-CoA",C45H68N7O17P3S,Cytosol,47205682
C16172,"(6Z,9Z,12Z,15Z,18Z)-Tetracosapentaenoyl-CoA",C45H72N7O17P3S,Cytosol,47205482
C16387,"(2E,6Z,9Z,12Z,15Z,18Z)-Tetracosahexaenoyl-CoA",C45H70N7O17P3S,Cytosol,47205685
C00956,L-2-Aminoadipate,C6H11NO4,Cytosol,4207
C04089,UDP-4-dehydro-6-deoxy-D-glucose,C15H22N2O16P2,Cytosol,6781
C17328,UDP-4-keto-rhamnose,C15H22N2O16P2,Cytosol,96023692
C02199,UDP-L-rhamnose,C15H24N2O16P2,Cytosol,5267
C11930,"dTDP-2,6-dideoxy-D-glycero-hex-2-enos-4-ulose",C16H22N2O14P2,Cytosol,14091
C11922,"dTDP-4-oxo-2,6-dideoxy-D-glucose",C16H24N2O14P2,Cytosol,14083
C18032,"dTDP-4-oxo-2,3,6-trideoxy-D-glucose",C16H24N2O13P2,Cytosol,96024252
C18033,"dTDP-4-amino-2,3,4,6-tetradeoxy-D-glucose",C16H27N3O12P2,Cytosol,96024253
C18034,dTDP-D-forosamine,C18H31N3O12P2,Cytosol,96024254
C_AGL,AGL,AGL,Cytosol,
C_Spinosad,Spinosad,Spinosad,Cytosol,
C_Spinosad_e,Spinosad,Spinosad,e,
C00245_e,Taurine_e,test,e,
C06232_e,Molybdate_e,test,e,
C14819_e,Fe3+_e,test,e,
C00378_e,Thiamine_e,test,e,
C00719_e,Betaine_e,test,e,
C00114_e,Choline_e,test,e,
C00059_e,Sulfate_e,test,e,
C00244_e,Nitrate_e,test,e,
C00208_e,maltose_e,test,e,
C00794_e,D-Sorbitol_e,test,e,
C00185_e,Cellobiose_e,test,e,
C00121_e,D-Ribose_e,test,e,
C00025_e,L-Glutamate_e,test,e,
C00012_e,Peptide_e,test,e,
C00175_e,Cobalt ion_e,test,e,
C00140_e,N-Acetyl-D-glucosamine_e,test,e,
C00095_e,D-Fructose_e,test,e,
C_Spinosad_e,Spinosad_e,test,e,
C00014_e,NH3_e,test,e,
C00001_e,H2O_e,test,e,
C00007_e,Oxygen_e,test,e,
C00011_e,CO2_e,test,e,
C00058_e,Formate_e,test,e,
C02323_e,Salicyl alcohol_e,test,e,
C00160_e,Glycolate_e,test,e,
C00084_e,Acetaldehyde_e,test,e,
C00327_e,L-Citrulline_e,test,e,
C00067_e,Formylanthranilate_e,test,e,
C00116_e,Glycerol_e,test,e,
C00184_e,Glycerone_e,test,e,
C00242_e,Guanine_e,test,e,
C00262_e,Hypoxanthine_e,test,e,
C00577_e,D-Glyceraldehyde_e,test,e,
C00086_e,Urea_e,test,e,
C00385_e,Xanthine_e,test,e,
C00033_e,Acetate_e,test,e,
C00147_e,Adenine_e,test,e,
C00212_e,Adenosine_e,test,e,
C00026_e,2-Oxoglutarate_e,test,e,
C00049_e,L-Aspartate_e,test,e,
C00158_e,Citrate_e,test,e,
C00475_e,Cytidine_e,test,e,
C00380_e,Cytosine_e,test,e,
C00559_e,Deoxyadenosine_e,test,e,
C00133_e,D-Alanine_e,test,e,
C00881_e,Deoxycytidine_e,test,e,
C00330_e,Deoxyguanosine_e,test,e,
C05512_e,Deoxyinosine_e,test,e,
C00740_e,D-Serine_e,test,e,
C00214_e,Thymidine_e,test,e,
C00526_e,Deoxyuridine_e,test,e,
C00469_e,Ethanol_e,test,e,
C00122_e,Fumarate_e,test,e,
C00334_e,4-Aminobutanoate_e,test,e,
C00124_e,D-Galactose_e,test,e,
C00064_e,L-Glutamate_e,test,e,
C00031_e,D-Glucose_e,test,e,
C00257_e,D-Gluconic acid_e,test,e,
C00037_e,Glycine_e,test,e,
C00387_e,Guanosine_e,test,e,
C00135_e,L-Histidine_e,test,e,
C00407_e,L-Isoleucine_e,test,e,
C00294_e,Inosine_e,test,e,
C00204_e,2-Dehydro-3-deoxy-D-gluconate_e,test,e,
C00256_e,(R)-Lactate_e,test,e,
C00123_e,L-Leucine_e,test,e,
C00186_e,(S)-Lactate_e,test,e,
C00047_e,L-Lysine_e,test,e,
C00149_e,(S)-Malate_e,test,e,
C00079_e,L-Phenylalanine_e,test,e,
C00009_e,Orthophosphate_e,test,e,
C00148_e,L-Proline_e,test,e,
C00163_e,Propanoate_e,test,e,
C00022_e,Pyruvate_e,test,e,
C00065_e,L-Serine_e,test,e,
C00042_e,Succinate_e,test,e,
C00188_e,L-Threonine_e,test,e,
C00078_e,L-Tryptophan_e,test,e,
C00106_e,Uracil_e,test,e,
C00105_e,Uridine_e,test,e,
C00183_e,L-Valine_e,test,e,
C00080_e,H+_e,test,e,
