reaction	substrate
R01528	C00345
R10221	C00345
R00985	C00014
R00985	C00251
R00986	C00064
R00986	C00251
R04519	C05898
R06177	G10555
R00286	C00029
R00494	C00051
R01262	C00051
R01262	C00151
R01687	C00245
R01687	C03193
R03867	C00045
R03867	C02166
R03916	C02320
R03970	C00025
R03970	C02512
R03971	C00025
R03971	C05670
R04935	C03193
R04935	C05689
R01030	C00670
R01470	C01233
R00078	C00007
R00552	C00062
R11325	C00007
R11325	C00390
R00691	C00826
R01373	C00254
R00505	C00052
R09009	C00935
R12080	G13121
R12080	G13125
R04620	C04895
R12078	G13119
R12078	G13125
R12079	G13120
R12079	G13125
R00694	C00026
R00694	C00079
R00734	C00026
R00734	C00082
R03243	C00026
R03243	C01100
R03893	C04431
R05510	C07090
R05511	C04706
R06835	C12834
R06838	C12838
R08120	C16477
R08121	C16476
R09136	C18242
R09220	C18309
R09222	C18304
R01357	C00164
R01728	C00254
R01213	C02504
R00480	C00049
R02291	C00009
R02291	C00441
R01678	C00243
R03355	C01290
R04633	C04911
R05112	C06136
R05994	G00124
R06010	G00110
R07807	G01977
R00235	C00033
R00236	C05993
R00316	C00033
R00925	C00163
R00926	C05983
R01354	C00163
R08555	C00256
R08555	C00357
R00022	C01674
R10831	G00711
R01132	C00013
R01229	C00013
R02142	C00013
R02142	C00655
R08237	C00119
R08237	C02380
R08238	C00119
R08238	C16614
R08245	C00119
R08245	C07648
R04639	C04895
R05046	C05922
R05048	C05923
R03066	C00568
R03066	C01300
R03067	C00568
R03067	C04807
R03504	C04874
R11037	C00007
R11037	C04874
R11073	C04874
R03503	C01300
R02473	C00099
R02473	C00522
R00489	C00049
R02971	C00831
R03018	C00864
R04391	C04079
R05633	C11434
R05637	C11436
R06977	C00025
R06977	C00441
R02737	C00029
R02737	C00668
R11783	C00092
R11783	C00498
R02778	C00689
R01920	C00134
R01920	C01137
R08359	C01137
R08359	C01672
R10147	C00022
R10147	C00441
R00768	C00064
R00768	C00085
R03223	C04327
R03223	C04752
R10712	C04752
R10712	C20247
R07463	C00007
R07463	C00037
R10247	C11437
R10247	C15809
R10247	C15814
R03471	C01279
R04509	C04556
R03472	C00019
R03472	C03373
R01800	C00065
R01800	C00269
R02055	C02737
R09735	C06232
R09735	C19848
R04031	C02730
R01764	C02137
R02672	C03590
R00214	C00149
R11372	C21310
R09394	C00019
R09394	C00030
R02017	C00343
R02018	C00343
R02019	C00343
R02024	C00343
R01334	C00988
R04173	C00026
R04173	C01005
R05085	C00026
R05085	C06055
R00351	C00158
R00131	C00086
R13420	C00086
R00277	C00007
R00277	C00647
R00278	C00007
R00278	C00627
R01710	C00007
R01710	C00534
R01711	C00007
R01711	C00314
R01602	C00267
R10619	C00124
R00760	C00095
R00867	C00095
R03920	C02336
R00848	C00093
R04311	C00339
R04311	C03372
R01351	C01885
R10850	C00029
R10850	C00641
R12902	C00641
R12902	G10608
R08166	C16519
R10127	C20386
R09083	C00007
R09083	C01847
R00955	C00029
R00955	C00446
R02301	C03479
R00289	C00103
R04072	C02189
R04072	C03862
R07620	C02189
R07620	G10617
R11399	C03862
R11399	C19803
R01716	C00064
R01716	C00251
R03659	C00073
R03659	C01647
R04773	C01647
R04773	C05335
R05634	C11435
R09289	C01013
R01049	C00117
R00416	C04501
R05332	C00024
R05332	C06156
R02222	C00007
R02222	C00412
R02222	C00999
R12173	C00007
R12173	C00154
R12173	C00999
R00287	C00029
R03004	C00857
R03036	C00882
R00658	C00631
R03409	C04494
R00578	C00049
R00578	C00064
R00238	C00024
R01177	C00024
R01177	C00136
R00891	C00065
R00891	C00283
R01290	C00065
R01290	C00155
R04942	C00065
R04942	C05698
R00999	C01118
R01288	C00283
R01288	C01118
R02026	C00320
R02026	C00342
R02026	C01077
R02508	C00042
R02508	C00542
R03217	C00097
R03217	C01077
R03260	C00097
R03260	C01118
R04944	C05688
R04944	C05702
R04945	C01077
R04945	C05688
R04946	C01118
R04946	C05688
R00220	C00065
R00996	C00188
R01372	C00007
R01372	C00166
R02521	C00007
R02521	C01179
R01639	C00310
R08528	C00129
R08528	C00341
R01082	C00149
R00762	C00354
R04780	C05378
R05884	C00138
R05884	C11811
R08210	C00139
R08210	C00235
R09846	C00132
R09846	C04506
R00366	C00007
R00366	C00037
R02457	C00007
R02457	C00515
R02894	C00007
R02894	C00763
R02923	C00007
R02923	C00792
R04221	C00007
R04221	C03440
R07400	C00007
R07400	C00916
R04734	C15522
R04365	C00091
R04365	C03972
R02734	C04421
R09837	C20062
R09839	C19945
R00899	C01419
R04951	C05729
R00798	C00028
R00798	C00088
R01106	C00088
R01106	C00125
R09497	C00244
R09497	C15603
R05066	C06001
R08219	C05172
R08219	C06481
R02767	C01271
R04533	C04618
R04534	C04619
R04536	C04620
R04543	C04633
R04566	C04688
R04953	C05747
R04964	C05757
R07763	C16219
R10116	C20372
R10120	C20376
R11671	C00024
R11671	C00083
R00533	C00007
R00533	C00094
R00009	C00027
R00602	C00027
R00602	C00132
R02670	C00007
R02670	C00632
R02356	C00007
R02356	C00468
R03408	C00007
R03408	C01227
R08286	C07047
R08287	C07047
R08390	C00007
R08390	C00777
R08390	C03024
R08391	C00007
R08391	C00777
R08392	C00007
R08392	C00777
R08392	C03024
R09404	C00007
R09404	C06800
R09408	C00007
R09408	C06800
R02164	C00042
R02164	C15602
R00582	C01005
R01268	C00153
R01724	C00009
R01724	C00013
R01724	C01185
R01519	C00198
R02933	C01040
R03751	C01880
R00260	C00025
R08243	C16617
R03145	C00022
R03145	C00399
R01055	C00106
R01055	C00117
R08836	C00007
R08836	C00355
R01424	C01586
R11582	C18237
R01676	C00242
R01768	C00262
R02103	C00385
R00670	C00077
R00178	C00019
R01051	C00121
R02750	C00673
R01209	C04039
R04441	C04272
R05070	C06007
R02133	C00378
R09993	C20267
R07411	C00032
R07411	C00448
R00237	C01011
R02407	C00091
R02407	C00490
R03154	C00091
R03154	C02614
R02540	C02505
R03096	C02693
R03180	C03078
R03909	C03620
R05551	C00014
R05551	C00511
R05590	C09815
R00243	C00025
R01056	C00117
R09030	C02962
R00942	C00025
R00942	C00101
R02237	C00025
R02237	C00921
R04241	C00025
R00139	C11038
R00331	C00454
R11894	C21748
R11895	C21750
R12853	C22442
R01026	C01996
R00239	C00025
R03313	C00009
R03313	C01165
R00137	C00455
R03005	C01185
R01466	C01102
R05086	C06055
R00994	C00109
R04426	C04411
R10052	C04411
R00409	C04593
R00479	C00311
R00025	C00007
R00025	C01847
R00025	C18091
R00705	C00222
R00706	C00222
R00922	C00349
R00935	C06002
R03158	C01013
R05064	C06000
R00509	C00224
R00529	C00059
R04928	C05686
R04929	C05697
R02021	C00053
R02021	C00342
R00859	C00139
R00859	C00283
R03600	C00139
R03600	C01528
R06447	C00129
R06447	C00448
R01494	C00195
R06518	C12126
R06528	C12145
R00742	C00024
R00742	C00288
R01859	C00100
R01859	C00288
R04386	C00024
R04386	C04419
R02768	C00173
R02768	C01209
R04355	C01209
R04355	C03939
R04726	C01209
R04726	C05223
R04952	C01209
R04952	C05745
R04957	C01209
R04957	C05749
R04960	C01209
R04960	C05752
R04963	C01209
R04963	C05755
R04968	C01209
R04968	C05761
R07762	C01209
R07762	C05764
R10115	C01209
R10115	C19673
R10119	C01209
R10119	C20375
R12049	C00083
R12049	C02247
R10707	C00024
R10707	C01209
R01626	C00083
R01626	C00229
R00014	C00022
R00014	C00068
R00209	C00022
R01699	C00022
R01699	C15972
R03270	C05125
R03270	C15972
R01658	C00129
R01658	C00235
R02003	C00129
R02003	C00341
R02061	C00129
R02061	C00448
R01826	C00074
R01826	C00279
R00251	C01879
R06529	C04122
R06529	C06507
R07302	C03194
R07302	C06507
R04594	C04778
R01226	C00141
R01226	C00143
R00189	C00014
R00189	C00857
R00253	C00014
R00253	C00025
R07767	C00019
R07767	C16236
R07767	C22150
R07767	C22154
R12423	C00019
R12423	C22150
R12423	C22154
R12423	C22160
R12424	C00019
R12424	C22150
R12424	C22154
R12424	C22159
R07766	C05752
R07766	C16240
R07769	C16239
R07769	C16240
R12427	C05752
R12427	C22158
R12428	C05752
R12428	C22157
R02569	C00024
R02569	C15973
R01210	C00141
R01221	C00037
R01221	C00101
R01651	C00233
R01698	C00579
R01933	C00322
R03171	C00671
R03815	C02972
R07618	C15973
R08549	C00026
R01090	C00026
R01090	C00123
R01214	C00026
R01214	C00183
R02199	C00026
R02199	C00407
R08622	C00151
R08622	C17211
R08626	C00151
R08626	C17216
R10991	C00026
R10991	C02356
R05223	C00194
R11174	C04778
R11174	C06510
R04148	C01185
R04148	C03114
R05221	C06508
R05222	C06509
R06558	C06508
R00185	C00212
R02112	C00369
R11262	C01935
R00650	C00019
R00650	C00155
R11063	C00155
R11063	C03172
R01073	C00013
R01073	C04302
R00390	C00638
R01280	C00249
R02241	C00416
R09381	C00173
R09381	C00681
R00756	C00085
R03236	C01097
R03237	C01097
R03238	C01097
R03239	C01097
R04779	C05345
R07653	C16144
R09690	C16144
R09719	C16144
R09744	C19840
R09745	C19841
R09746	C16145
R07168	C00440
R00470	C01127
R05605	C04442
R02036	C00345
R01122	C00235
R01122	C17324
R02735	C00666
R00291	C00029
R02984	C00842
R01092	C00984
R01931	C00177
R01931	C00320
R03105	C00342
R03105	C00957
R02187	C00221
R02189	C00267
R01185	C01177
R01186	C03546
R01187	C04006
R11896	C21751
R05636	C00022
R05636	C00118
R01975	C01144
R03026	C01144
R04170	C05262
R04737	C05258
R04738	C05258
R04739	C05260
R04740	C05260
R04741	C05262
R04743	C05264
R04744	C05264
R04745	C05266
R04746	C05266
R04748	C05268
R04749	C05268
R07889	C16329
R07890	C16329
R07893	C16333
R07894	C16333
R07897	C16337
R07898	C16337
R00927	C00024
R00927	C00100
R03778	C00024
R03778	C01944
R03858	C00024
R03858	C01832
R03991	C00024
R03991	C02593
R04546	C00100
R04546	C05337
R04742	C00024
R04742	C05274
R04747	C00024
R04747	C05270
R07891	C00024
R07891	C16331
R07895	C00024
R07895	C16335
R07899	C00024
R07899	C16339
R07937	C00024
R07937	C16169
R07953	C00024
R07953	C16173
R03197	C01051
R04972	C05766
R03222	C00007
R03222	C01079
R04178	C00007
R04178	C03263
R11522	C00027
R11522	C21284
R02472	C00522
R00667	C00026
R00667	C00077
R02035	C01236
R01976	C01144
R05576	C05116
R06941	C14145
R05284	C06752
R05367	C06609
R05368	C06610
R05369	C06597
R05370	C06598
R07669	C06988
R07670	C16181
R02487	C00527
R02488	C00527
R02488	C04253
R10074	C00527
R10074	C04253
R09954	C06153
R00761	C00009
R00761	C00085
R01621	C00009
R01621	C00231
R00315	C00033
R01353	C00163
R01305	C00007
R01305	C13635
R03187	C02565
R00875	C00794
R01896	C00379
R06294	C00007
R06294	C03024
R06294	C11874
R06295	C00007
R06295	C03024
R06295	C11875
R06296	C00007
R06296	C03024
R06296	C11875
R06297	C00007
R06297	C03024
R06297	C06093
R10067	C00007
R10067	C03024
R10067	C11874
R00431	C00036
R00726	C00036
R05623	C00007
R05623	C00565
R03045	C05668
R03276	C01144
R04137	C05998
R04203	C04405
R04204	C04405
R04224	C03460
R05305	C06714
R06411	C11946
R06412	C11945
R06942	C14144
R08093	C16468
R08094	C16469
R00908	C00026
R00908	C00099
R01648	C00026
R01648	C00334
R00264	C00433
R00631	C00071
R00710	C00084
R00904	C05665
R01752	C00577
R01986	C00555
R02549	C00555
R02678	C00637
R02940	C05985
R02957	C02670
R03283	C01149
R03869	C06002
R04065	C05130
R04506	C05445
R04903	C05634
R05050	C05936
R05237	C06613
R05238	C16348
R05286	C06754
R06366	C02576
R08146	C03461
R07262	C15547
R00130	C00882
R06946	C00007
R06946	C00138
R06946	C06098
R06947	C00007
R06947	C00138
R06947	C08579
R10070	C00007
R10070	C00138
R10070	C06098
R01175	C00136
R01279	C00154
R02661	C00028
R02661	C00630
R03172	C00028
R03172	C15980
R03777	C01944
R03857	C01832
R03990	C02593
R04095	C02939
R04751	C05270
R04754	C05274
R00947	C00103
R01025	C00028
R01025	C00114
R02565	C00576
R02566	C00576
R02382	C00007
R02382	C00483
R02529	C00007
R02529	C01888
R02613	C00007
R02613	C05332
R03139	C00007
R03139	C00986
R04027	C00007
R04027	C02723
R04300	C00007
R04300	C03758
R06154	C00007
R06154	C00218
R06740	C00007
R06740	C01672
R00261	C00025
R01682	C00506
R02466	C00606
R01179	C00033
R01179	C00136
R01359	C00033
R01359	C00332
R07832	C00024
R07832	C16272
R04428	C04618
R04535	C04619
R04537	C04620
R04544	C04633
R04568	C04688
R04954	C05747
R04965	C05757
R10208	C01271
R00623	C00226
R00754	C00469
R02124	C00473
R04805	C05444
R04880	C05576
R05233	C06611
R05234	C06612
R06917	C14089
R06927	C02909
R07105	C06899
R08281	C07645
R08306	C16586
R08310	C16595
R05287	C06755
R11357	C00007
R11357	C00138
R11357	C00599
R09955	C20252
R06363	C00395
R01374	C02265
R01374	C15602
R09493	C00405
R09493	C15602
R03443	C00009
R03443	C01250
R00259	C00024
R00259	C00025
R02282	C00025
R02282	C00437
R02649	C00624
R02283	C00026
R02283	C00437
R04475	C00026
R04475	C04421
R01398	C00077
R01398	C00169
R01086	C03406
R00841	C00093
R00571	C00014
R00573	C00064
R01513	C00197
R01012	C00074
R01012	C00184
R02262	C01099
R12696	C22337
R01123	C00129
R00669	C00437
R10553	C05727
R11428	C00028
R11428	C03440
R00374	C00028
R00374	C00037
R05704	C00028
R05704	C00037
R02280	C04282
R04374	C05147
R10467	C00007
R10467	C20643
R07210	C00007
R07210	C01847
R07210	C15521
R10206	C00007
R10206	C01847
R10206	C11145
R00465	C00160
R01392	C00258
R09281	C00989
R05706	C01847
R04385	C00288
R04385	C06250
R13256	C00288
R13256	C20876
R01067	C00085
R01067	C00118
R01641	C00118
R01641	C05382
R01830	C00118
R01830	C05345
R06590	C00117
R06590	C12214
R08714	C00022
R08714	C00134
R06398	C00007
R06398	C06099
R09385	C00007
R09385	C00521
R09389	C00007
R09389	C00521
R09393	C00007
R09393	C06099
R05062	C00125
R05062	C05986
R05198	C00125
R05198	C00469
R05285	C00125
R05285	C06753
R01366	C00164
R00010	C01083
R05645	C05382
R09768	C05382
R09769	C05382
R08034	C16396
R07644	C00065
R07644	C00196
R03707	C03046
R09078	C00741
R10505	C20657
R00191	C00575
R00698	C00007
R00698	C00079
R02596	C00590
R03919	C02325
R04007	C02646
R07443	C12205
R11906	C00027
R11906	C07054
R03182	C01037
R12933	C01037
R12934	C22458
R03210	C00041
R03210	C01063
R10124	C00041
R10124	C19845
R03231	C00019
R03231	C01092
R01078	C00019
R01078	C01909
R01078	C05359
R01078	C17023
R00421	C00043
R10141	C00025
R10141	C20395
R00713	C00232
R00714	C00232
R02401	C03273
R00674	C00065
R00674	C00463
R02340	C03506
R02722	C00065
R02722	C03506
R07940	C13747
R08036	C00024
R08036	C16396
R08248	C00024
R08248	C07054
R08250	C00024
R08250	C07447
R11902	C00024
R11902	C05361
R02589	C00007
R02589	C00587
R08569	C16850
R09761	C15794
R09762	C08814
R00905	C02642
R04666	C21029
R02522	C00545
R10917	C20940
R06390	C11402
R06391	C11403
R06392	C11414
R06393	C11418
R00269	C00940
R00348	C02362
R00369	C00041
R00369	C00048
R00372	C00026
R00372	C00037
R00585	C00022
R00585	C00065
R00588	C00048
R00588	C00065
R01715	C00251
R08266	C00007
R08266	C07108
R12959	C00007
R12959	C00519
R09725	C19846
R07281	C00199
R01446	C00424
R00897	C00283
R00897	C00979
R03601	C00979
R03601	C01528
R04859	C00320
R04859	C00342
R04859	C00979
R07274	C00283
R07274	C01005
R02718	C00133
R02718	C00653
R12812	C00133
R12812	G13185
R12863	C00133
R12863	G13167
R12867	C00133
R12867	G13170
R12871	C00133
R12871	G13174
R12873	C00133
R12873	G13176
R12875	C00133
R12875	G13178
R12904	C00133
R12904	G13192
R00661	C00074
R10848	C00800
R11007	C00007
R11007	C00187
R11008	C00007
R11008	C00187
R01827	C00118
R01827	C05382
R08575	C00118
R08575	C05382
R00771	C00092
R02739	C00668
R02740	C00668
R03321	C01172
R13199	C00668
R00835	C00092
R02736	C01172
R10907	C01172
R01616	C00811
R01943	C01197
R02194	C01494
R02221	C00482
R02255	C00423
R06583	C05619
R04756	C05280
R06983	C14180
R10159	C00662
R01312	C00157
R02027	C00344
R02052	C00350
R03332	C01194
R07381	C04756
R02855	C00810
R02946	C03044
R02425	C02350
R01811	C00270
R12768	C22382
R02173	C00007
R02173	C00398
R02532	C00007
R02532	C00547
R02908	C00007
R02908	C00780
R02919	C00007
R02919	C00788
R04025	C00007
R04025	C02714
R04674	C00007
R04674	C05127
R04890	C00007
R04890	C05587
R04893	C00007
R04893	C05589
R04894	C00007
R04894	C05588
R04907	C00007
R04907	C05636
R04908	C00007
R04908	C05638
R08346	C00007
R08346	C07572
R08347	C00007
R08347	C16608
R08348	C00007
R08348	C16609
R11354	C00007
R11354	C21299
R00006	C00900
R00226	C06010
R03050	C00068
R03050	C00900
R04672	C00068
R04672	C06010
R04673	C00109
R04673	C05125
R08648	C00022
R08648	C00109
R00475	C00007
R00475	C00160
R02754	C00679
R03277	C00022
R03277	C01146
R01365	C00136
R01365	C00164
R06954	C13453
R01183	C00137
R09951	C19891
R12092	C00320
R12092	C01005
R07417	C15700
R07418	C15700
R11625	C19706
R01782	C03826
R11585	C03434
R03051	C00900
R04439	C04272
R04440	C04272
R05068	C06007
R05069	C06006
R05071	C06010
R00711	C00084
R07202	C00007
R07202	C03024
R07202	C06082
R02964	C00828
R03643	C01628
R03816	C02059
R00697	C00079
R02268	C00427
R02016	C00342
R03596	C01528
R09372	C18902
R01851	C00007
R01851	C00409
R04424	C02225
R04405	C00155
R04405	C04489
R09365	C04489
R09365	C05698
R00910	C00047
R00910	C00099
R00912	C00062
R00912	C00099
R01164	C00099
R01164	C00135
R01991	C00135
R01991	C00334
R03286	C00099
R03286	C01152
R11064	C00041
R11064	C20941
R01701	C00141
R01701	C15972
R01702	C00233
R01702	C15972
R04225	C00671
R04225	C15972
R07599	C00068
R07599	C00141
R07600	C15972
R07600	C15976
R07601	C00068
R07601	C00233
R07602	C15972
R07602	C15974
R07603	C00068
R07603	C00671
R07604	C15972
R07604	C15978
R10996	C00068
R10996	C00109
R10997	C15972
R10997	C21017
R12161	C00019
R12161	C00082
R12161	C04732
R12162	C00019
R12162	C21971
R04464	C01080
R04464	C04377
R11130	C00028
R11130	C20870
R01364	C00122
R01364	C00164
R10504	C20657
R05727	C00007
R05727	C03024
R05727	C06526
R07000	C00007
R07000	C00829
R07001	C00007
R07001	C00829
R07055	C00007
R07055	C01595
R07056	C00007
R07056	C01595
R07079	C00007
R07079	C07535
R07080	C00007
R07080	C07535
R07081	C00007
R07081	C07535
R07085	C00007
R07085	C14852
R07087	C00007
R07087	C14556
R08256	C16641
R08257	C00007
R08257	C03024
R08257	C16641
R08264	C00007
R08264	C03024
R08264	C06174
R08268	C07108
R08269	C05011
R08271	C00007
R08271	C07108
R08272	C16546
R08274	C00007
R08274	C16546
R08275	C00007
R08275	C07888
R08276	C07888
R08277	C07643
R08285	C00007
R08285	C07047
R08293	C07073
R08294	C00007
R08294	C07073
R08303	C00007
R08303	C07501
R08304	C00007
R08304	C07501
R08312	C00007
R08312	C06868
R08313	C00007
R08313	C06868
R08318	C16601
R08339	C07163
R08340	C16659
R08341	C08012
R08342	C16661
R08343	C07572
R09423	C00007
R09423	C16453
R00095	C00072
R00524	C00488
R12217	C03196
R12217	C15602
R05554	C02091
R00192	C00021
R00987	C00328
R02668	C03227
R03936	C02700
R00678	C00007
R00678	C00078
R00945	C00037
R00945	C00143
R09099	C00065
R09099	C01217
R00610	C00007
R00610	C00213
R12967	C00007
R12967	C00101
R12967	C00213
R00590	C00065
R00944	C00234
R12425	C22158
R12425	C22159
R12432	C02972
R12432	C22158
R00894	C00025
R00894	C00097
R02519	C00007
R02519	C00544
R00026	C00185
R00306	C00185
R02558	C00844
R02887	C01898
R02985	C00031
R02985	C00844
R03527	C00963
R04949	C05713
R04998	C05839
R10035	C05143
R10039	C08334
R10040	C01594
R13051	C10216
R13052	C09126
R13065	C05623
R13081	C09099
R01152	C00436
R02050	C00022
R02050	C01205
R10992	C00041
R10992	C00109
R02269	C00429
R03055	C21028
R08227	C16630
R01320	C00019
R01320	C04308
R02056	C00019
R02056	C00350
R03424	C00019
R03424	C01241
R01324	C00158
R01325	C00158
R01900	C00311
R03165	C01024
R00787	C00014
R02000	C00340
R01403	C00173
R01404	C00173
R04429	C05745
R04430	C05745
R04724	C05223
R04725	C05223
R04955	C05749
R04956	C05749
R04958	C05752
R04959	C05752
R04961	C05755
R04962	C05755
R04966	C05761
R04967	C05761
R04969	C05764
R04970	C05764
R07765	C16221
R10118	C20374
R10122	C20378
R00310	C02191
R11329	C21284
R12215	C12455
R01388	C00258
R02527	C00937
R01087	C01384
R00342	C00149
R07136	C11537
R04420	C04188
R07395	C15650
R07392	C04582
R07363	C00007
R07363	C15606
R07364	C00007
R07364	C15606
R05627	C04574
R07770	C16241
R07771	C16238
R07771	C16240
R11143	C16240
R11143	C16241
R12429	C06423
R12429	C22158
R12433	C16241
R12433	C22157
R12434	C02147
R12449	C16241
R12449	C22158
R05030	C00014
R05030	C05893
R00519	C00058
R09838	C00007
R09838	C00582
R09820	C19946
R09836	C19975
R09840	C00582
R02539	C07086
R02065	C00353
R04218	C03427
R07270	C03427
R10177	C00353
R04000	C00024
R04000	C02630
R05509	C00024
R05509	C00511
R06943	C14143
R02491	C01011
R00750	C00022
R00750	C00084
R05708	C00028
R05708	C04083
R03595	C01528
R01298	C00007
R01298	C00156
R01174	C00009
R01174	C00136
R01542	C00204
R04988	C00019
R04988	C05811
R08769	C00019
R08769	C17551
R12657	C00019
R12657	C21860
R00132	C01353
R10092	C00288
R02689	C00029
R02689	C00641
R04377	C00029
R04377	C04046
R12898	C00641
R12898	G10608
R12899	G10608
R12899	G13181
R07322	C00751
R07323	C00751
R04786	C00028
R04786	C05413
R04787	C00028
R04787	C05414
R07510	C05421
R09652	C02061
R09652	C05421
R09653	C02061
R09653	C05421
R09654	C02061
R09654	C19765
R01631	C00007
R01631	C00230
R03549	C00007
R03549	C01424
R03307	C01278
R02991	C03586
R03470	C01278
R09819	C00007
R09819	C01847
R09819	C19944
R00215	C00497
R01751	C00898
R02545	C00552
R06180	C00898
R01169	C00019
R01169	C00135
R11021	C20995
R11013	C00007
R11013	C00669
R11013	C05575
R10993	C00025
R10993	C02356
R00685	C00078
R00699	C00079
R00736	C00082
R02080	C00355
R02701	C00643
R04909	C05638
R03425	C00037
R03425	C02051
R02030	C00269
R02030	C00344
R03492	C06135
R04184	C01132
R04184	C04737
R04586	C04884
R05963	G00094
R06001	G00123
R06004	G00109
R07809	G13074
R07810	G13073
R11316	G13056
R12963	C22467
R03037	C00885
R01717	C00251
R01505	C04171
R10279	C03187
R12048	C00007
R12048	C00412
R00476	C00028
R00476	C00160
R00946	C00155
R00946	C00440
R00177	C00009
R00177	C00013
R00177	C00019
R04771	C05335
R00367	C00019
R00367	C00037
R09279	C00989
R01478	C03033
R04979	C00030
R04979	C05787
R07818	G13040
R08127	C04900
R08260	C11376
R10830	G00526
R01384	C00167
R03610	C00007
R03610	C00662
R03610	C01561
R11324	C00007
R11324	C00662
R11324	C07712
R01196	C00024
R01196	C00138
R01197	C00091
R01197	C00138
R01518	C00631
R00114	C00025
R00248	C00025
R02662	C00630
R02662	C15973
R03174	C15973
R03174	C15980
R04097	C02939
R04097	C15973
R10998	C00100
R10998	C15973
R00410	C00091
R00410	C00164
R07945	C13747
R08225	C00007
R08225	C03024
R08225	C12673
R08324	C07185
R08325	C00007
R08325	C07185
R08326	C00007
R08326	C07185
R08327	C00007
R08327	C07185
R09421	C00007
R09421	C16453
R09424	C00007
R09424	C19574
R09425	C00007
R09425	C19574
R01954	C00049
R01954	C00327
R07512	C15858
R01625	C03688
R03925	C02350
R07236	C00019
R07236	C02483
R07504	C00019
R07504	C14151
R10491	C00019
R10491	C14155
R10492	C00019
R10492	C14156
R00889	C00096
R07672	C00096
R07673	C15925
R00673	C00078
R01383	C00167
R01383	C01335
R02358	C00167
R02358	C00468
R02389	C00167
R02389	C00486
R02478	C00167
R02478	C00523
R02502	C00167
R02502	C00535
R02902	C00167
R02902	C00777
R03091	C00167
R03091	C00951
R04352	C00167
R04352	C04373
R04353	C00167
R04353	C05299
R04354	C00167
R04354	C05302
R04683	C00167
R04683	C05141
R07106	C00167
R07106	C07490
R08259	C00167
R08259	C11173
R08261	C00167
R08261	C06174
R08262	C00167
R08262	C01516
R08263	C00167
R08263	C01516
R08615	C00167
R09426	C00167
R09426	C19574
R09427	C00167
R09427	C19574
R09428	C00167
R09428	C19645
R04520	C00353
R04520	C04590
R12067	C00007
R12067	C00030
R12067	C19859
R05320	C00007
R05320	C00026
R05320	C00245
R11346	C00007
R11346	C21295
R11578	C00007
R11578	C21442
R00839	C04534
R05133	C06187
R05134	C06188
R02082	C00418
R11319	C00068
R12309	C22072
R12311	C03401
R12311	C22073
R12308	C00158
R12308	C03401
R12312	C00026
R12312	C22074
R11655	C21559
R11705	C00025
R11705	C01005
R00774	C00086
R00774	C00288
R05338	C00067
R05338	C00199
R05339	C06019
R09780	C06019
R01736	C03451
R05606	C00514
R02454	C00514
R00856	C00093
R02279	C00679
R06268	C00019
R06268	C04536
R06269	C00019
R06269	C11829
R06270	C00019
R06270	C11830
R01624	C00024
R01624	C00229
R01706	C05764
R08159	C05761
R04427	C00019
R04427	C05437
R07481	C00019
R07481	C01902
R02037	C00019
R02037	C00346
R06868	C00019
R06868	C01210
R06869	C00019
R06869	C13482
R03391	C04297
R03392	C04297
R07659	C00025
R07659	C16155
R10880	C00062
R10880	C00065
R10880	C12323
R00221	C00740
R01157	C00179
R02213	C00007
R02213	C00410
R02213	C03024
R02838	C00007
R02838	C03024
R02838	C05497
R03326	C00007
R03326	C01176
R03326	C03024
R03784	C00007
R03784	C01953
R03784	C03024
R03849	C00007
R03849	C03024
R03849	C05498
R04675	C00007
R04675	C03024
R04675	C05138
R02243	C00417
R01649	C01215
R08956	C00025
R08956	C18054
R09884	C00028
R09884	C00280
R09707	C19830
R11493	C19831
R11568	C19831
R11569	C21473
R00782	C00097
R01286	C02291
R02408	C00491
R04941	C05699
R12188	C02882
R01498	C01190
R13178	C03108
R03232	C00095
R03232	C04261
R02071	C01094
R13203	C01094
R02240	C00641
R01071	C00013
R01071	C02739
R04035	C02739
R03877	C00305
R03877	C02191
R03824	C05435
R04801	C05431
R05341	C05432
R06962	C08586
R07856	C05434
R03599	C00030
R03599	C05688
R11528	C00097
R11528	C02743
R07412	C00028
R07412	C15672
R01015	C00118
R01512	C00197
R01061	C00009
R01061	C00118
R01869	C00337
R04457	C04732
R04457	C15556
R00066	C04332
R03458	C04454
R03459	C01304
R01529	C00199
R00974	C00380
R01411	C02376
R02922	C00791
R03940	C00234
R03940	C02430
R03269	C04352
R04231	C00097
R04231	C03492
R12852	C22441
R00965	C01103
R00256	C00064
R00575	C00064
R00575	C00288
R01395	C01563
R10948	C00288
R10949	C00014
R10949	C20969
R01993	C00337
R01397	C00049
R01397	C00169
R00966	C00013
R03084	C00944
R03083	C04691
R02412	C00493
R01714	C01269
R02738	C00031
R02738	C04261
R02780	C01083
R02780	C04261
R04111	C00208
R04111	C04261
R04394	C01451
R04394	C04261
R05132	C04261
R05132	C06186
R05199	C00140
R05199	C04261
R08559	C02713
R08559	C04261
R00717	C00160
R00336	C01228
R00190	C00013
R04378	C00013
R04378	C04677
R07456	C00064
R07456	C00118
R07456	C00199
R10089	C00064
R10089	C00117
R10089	C00118
R01801	C00093
R01801	C00269
R01618	C00224
R09304	C02189
R09304	G10610
R09676	C00043
R09676	C02189
R00245	C01165
R00707	C03912
R00708	C03912
R04444	C04281
R04445	C04281
R05051	C05947
R13148	C01165
R01253	C00148
R01253	C15602
R01064	C01286
R01541	C00204
R00943	C00058
R00943	C00101
R00833	C01213
R01708	C00314
R05775	C00029
R05775	C00094
R02300	C03479
R04125	C00101
R04125	C01242
R06782	C00007
R06782	C05629
R06783	C00007
R06783	C00423
R01274	C00154
R00200	C00022
R00430	C00022
R01138	C00022
R01858	C00022
R02320	C00022
R02320	C00201
R00021	C00025
R00021	C00139
R10086	C00025
R10086	C00139
R03508	C01302
R04037	C02741
R04558	C00064
R04558	C04916
R04640	C04896
R03457	C04666
R01158	C00860
R01163	C01929
R03012	C00860
R03348	C00013
R03348	C01185
R00357	C00007
R00357	C00049
R00481	C00007
R00481	C00049
R04292	C00009
R04292	C03722
R00111	C00007
R00111	C05933
R00557	C00007
R00557	C00062
R00558	C00007
R00558	C00062
R03193	C00041
R03193	C01050
R05032	C00043
R05032	C05897
R05662	C00043
R05662	C04851
R06173	G10552
R06173	G10610
R06174	G10556
R06174	G10610
R02783	C00217
R02783	C01212
R05629	C04702
R05629	C17556
R05630	C04882
R05630	C17556
R04573	C00993
R04573	C05892
R04617	C00993
R04617	C04877
R02788	C00680
R02788	C00692
R02322	C00455
R00196	C00125
R00196	C00186
R06613	C00143
R04198	C03972
R04199	C03972
R00161	C00061
R00549	C00255
R00188	C00054
R00508	C00053
R02864	C00748
R03194	C00019
R03194	C01051
R03947	C02463
R05807	C00175
R05807	C05778
R05177	C06408
R05814	C11545
R05180	C00019
R05180	C06406
R05809	C00019
R05809	C11539
R07772	C16242
R11580	C00019
R11580	C00030
R11580	C17401
R05149	C00019
R05149	C06319
R07774	C00019
R07774	C11543
R07775	C00019
R07775	C16244
R07773	C00019
R07773	C16243
R05181	C00019
R05181	C06407
R05810	C00019
R05810	C11540
R03948	C00019
R03948	C02463
R05808	C00019
R05808	C11538
R05224	C00064
R05224	C06399
R05815	C00064
R05815	C05773
R01492	C00853
R05220	C06505
R07268	C05774
R12184	C03024
R12184	C06504
R05227	C00175
R05227	C06503
R05225	C00064
R05225	C06506
R08689	C00138
R08689	C11453
R10859	C02869
R10859	C11811
R05688	C11434
R02274	C00026
R02274	C00431
R04188	C00026
R04188	C03284
R01799	C00416
R00317	C00227
R01421	C06206
R01515	C00236
R03035	C01134
R00344	C00022
R00344	C00288
R10796	C00007
R10796	C00138
R10796	C20856
R00617	C01081
R01150	C00133
R01001	C02291
R04770	C05335
R04930	C05699
R09366	C05689
R00842	C00093
R00844	C00093
R09397	C19156
R12646	C00074
R03896	C02612
R03898	C02226
R03968	C02504
R04001	C04411
R10170	C04411
R08620	C17210
R08624	C17214
R08628	C17218
R08634	C17222
R08641	C17226
R08645	C17230
R01805	C06241
R05578	C00025
R05578	C01641
R07460	C00097
R07460	C15811
R11529	C02743
R11529	C15812
R05595	C00877
R02111	C00009
R02111	C00369
R00772	C00275
R01819	C00275
R02765	C01213
R09979	C18026
R02170	C00395
R00028	C00208
R00801	C00089
R00802	C00089
R06087	G00370
R06088	G00370
R00660	C00043
R00660	C00074
R08856	C00043
R08856	C17556
R10137	C00043
R10137	C02970
R12075	C02970
R12075	G10610
R12859	C17556
R12859	G10610
R02603	C00042
R02603	C00596
R06789	C12624
R01771	C00263
R01773	C00263
R01775	C00263
R00451	C00680
R08734	C15613
R08739	C17345
R13462	C23011
R01068	C00354
R01070	C05378
R02568	C01094
R08568	C00441
R08568	C16848
R00396	C00041
R01465	C00188
R00371	C00024
R00371	C00037
R02288	C03680
R02286	C00439
R02914	C03680
R01168	C00135
R00216	C00149
R06514	C11907
R03460	C00074
R03460	C03175
R00615	C00068
R02135	C01081
R02251	C00422
R13459	C00226
R13459	C02843
R01818	C00275
R09398	C19154
R09398	C19155
R12648	C19154
R12648	C22297
R00885	C00636
R10175	C03319
R10175	C20390
R12077	C03319
R12077	G13118
R02777	C03319
R06513	C00842
R07405	C15667
R07404	C00288
R07404	C03373
R03013	C01100
R05226	C03194
R05226	C06507
R01360	C00356
R08090	C04675
R01074	C00120
R05145	C05921
R05145	C06249
R00847	C00116
R00551	C00062
R07675	C01825
R08926	C01019
R03688	C01720
R01526	C00309
R00548	C00061
R07280	C04454
R01561	C00009
R01561	C00212
R01863	C00009
R01863	C00294
R01969	C00009
R01969	C00330
R02147	C00009
R02147	C00387
R02294	C00009
R02294	C03150
R02295	C00009
R02295	C05841
R02297	C00009
R02297	C01762
R02557	C00009
R02557	C00559
R02748	C00009
R02748	C05512
R08368	C00009
R08368	C15586
R10244	C00009
R10244	C20463
R00604	C00067
R01066	C00673
R01560	C00212
R02556	C00559
R01570	C00009
R01570	C00214
R02484	C00009
R02484	C00526
R08222	C00009
R08222	C12739
R08230	C00672
R08230	C07649
R01878	C00475
R02485	C00881
R08221	C16635
R13327	C00007
R13327	C00138
R13327	C09822
R00267	C00311
R00268	C05379
R01899	C00311
R01220	C00143
R01655	C00445
R09107	C15532
R04560	C00234
R04560	C04677
R04325	C00234
R04325	C03838
R04326	C00445
R04326	C03838
R00405	C00042
R02404	C00490
R01361	C01089
R01230	C00014
R01230	C00655
R01231	C00064
R01231	C00655
R08244	C00064
R08244	C16618
R08240	C04646
R08572	C00258
R00013	C00048
R01745	C00258
R01747	C00258
R01394	C00168
R06601	C11821
R02106	C00007
R02106	C00366
R07981	C00007
R07981	C16361
R00472	C00149
R00401	C00041
R02060	C06156
R00355	C00026
R00355	C00049
R00896	C00026
R00896	C00097
R02433	C00026
R02433	C00506
R02619	C00026
R02619	C00606
R05052	C00026
R05052	C05947
R02328	C00103
R11945	C00399
R09736	C00019
R09736	C19847
R09737	C00019
R09737	C19858
R08165	C00026
R08165	C00885
R07263	C03160
R04030	C02730
R10757	C03657
R10757	C05847
R02272	C00430
R00036	C00430
R00084	C00931
R04109	C02987
R01248	C00148
R01251	C00148
R03291	C01157
R03293	C01157
R03191	C01050
R03192	C01050
R04138	C00288
R04138	C03069
R05553	C11355
R04208	C04640
R01072	C00013
R01072	C00025
R01072	C03090
R02081	C00418
R04463	C00064
R04463	C04376
R01579	C00819
R04591	C00049
R04591	C04751
R01083	C03794
R04559	C04823
R12851	C22395
R00751	C00188
R06171	C05519
R04144	C00037
R04144	C03090
R01135	C00049
R01829	C00447
R02059	C00357
R01870	C00013
R01870	C01103
R01080	C00299
R01273	C03150
R10046	C05841
R00193	C00021
R09660	C00170
R07324	C00092
R07888	C16327
R07892	C16331
R07896	C16335
R07934	C00007
R07934	C16168
R07950	C00007
R07950	C16172
R12356	C00007
R12356	C00100
R01939	C00026
R01939	C00956
R00293	C00029
R08704	C04089
R08705	C17328
R06428	C11907
R06430	C11930
R08930	C11922
R08931	C00025
R08931	C18032
R08932	C00019
R08932	C18033
R_AGL	C00024
R_AGL	C00100
R_Assemble	C00019
R_Assemble	C02199
R_Assemble	C18034
R_Assemble	C_AGL
R_Spinosad	C_Spinosad
R_Taurine	C00245
R_Molybdate	C06232
R_Thiamine	C00378
R_Betaine	C00719
R_L-Proline1	C00148
R_Choline	C00114
R_Sulfate	C00059
R_Nitrate	C00244
R_Maltose	C00208
R_D-Sorbitol	C00794
R_Cellobiose	C00185
R_D-Ribose	C00121
R_D-Fructose1	C00095
R_Orthophosphate1	C00009
R_L-Glutamate1	C00025
R_L-Valine1	C00183
R_L-Leucine1	C00123
R_L-Isoleucine1	C00407
R_L-Threonine1	C00188
R_L-Histidine1	C00135
R_Peptide	C00012
R_Cobalt_ion	C00175
R_N-Acetyl-D-glucosamine	C00074
R_N-Acetyl-D-glucosamine	C00140
R_D-Fructose2	C00074
R_D-Fructose2	C00095
R_Oxygen	C00007
R_Formate	C00058
R_Salicyl_alcohol	C02323
R_Glycolate	C00160
R_Acetaldehyde	C00084
R_L-Citrulline	C00327
R_Formylanthranilate	C00067
R_Glycerol	C00116
R_Glycerone	C00184
R_Guanine	C00242
R_Hypoxanthine	C00262
R_D-Glyceraldehyde	C00577
R_Urea	C00086
R_Xanthine	C00385
R_Acetate	C00033
R_Adenine	C00147
R_Adenosine	C00212
R_2-Oxoglutarate	C00026
R_L-Aspartate	C00049
R_Citrate	C00158
R_Cytidine	C00475
R_Cytosine	C00380
R_Deoxyadenosine	C00559
R_D-Alanine	C00133
R_Deoxycytidine	C00881
R_Deoxyguanosine	C00330
R_Deoxyinosine	C05512
R_D-Serine	C00740
R_Thymidine	C00214
R_Deoxyuridine	C00526
R_Ethanol	C00469
R_Fumarate	C00122
R_4-Aminobutanoate	C00334
R_D-Galactose	C00124
R_L-Glutamate2	C00064
R_D-Glucose	C00031
R_D-Gluconic_acid	C00257
R_Glycine	C00037
R_Guanosine	C00387
R_L-Histidine2	C00135
R_L-Isoleucine2	C00407
R_Inosine	C00294
R_2-Dehydro-3-deoxy-D-gluconate	C00204
R_(R)-Lactate	C00256
R_L-Leucine2	C00123
R_(S)-Lactate	C00186
R_L-Lysine	C00047
R_(S)-Malate	C00149
R_L-Phenylalanine	C00079
R_Orthophosphate2	C00009
R_L-Proline2	C00148
R_Propanoate	C00163
R_Pyruvate	C00022
R_L-Serine	C00065
R_Succinate	C00042
R_L-Threonine2	C00188
R_L-Tryptophan	C00078
R_Uracil	C00106
R_Uridine	C00105
R_L-Valine2	C00183
