Gene ID,Objective Value
hppA,19.60784313725489
NZ_AEYC01000083.1:41224..42981,21.94787379972562
ilvH,21.94787379972571
NZ_AEYC01000001.1:283645..285390,21.94787379972571
C-NZ_AEYC01000095.1:77420..79123,21.94787379972571
NZ_AEYC01000068.1:96769..97665,21.94787379972571
hemC,21.94787379972571
C-NZ_AEYC01000001.1:434650..436047,21.94787379972571
coaE,-1.2159610144626666e-13
ureA,21.94787379972567
ureC,21.947873799725635
C-NZ_AEYC01000019.1:316021..316419,21.947873799725635
SAM-s,-8.965768896470422e-15
C-NZ_AEYC01000063.1:51885..52004,21.947873799725627
C-NZ_AEYC01000008.1:170353..171813,21.947873799725606
C-NZ_AEYC01000063.1:52014..53474,21.947873799725606
C-NZ_AEYC01000017.1:9868..11079,21.947873799725606
NZ_AEYC01000006.1:124335..125588,21.947873799725606
kgd,21.947873799725606
hemH,21.947873799725606
NZ_AEYC01000007.1:118125..119327,21.947873799725606
NZ_AEYC01000007.1:108023..108523,21.947873799725606
C-NZ_AEYC01000001.1:45678..46865,21.947873799725606
C-NZ_AEYC01000096.1:79272..80639,21.947873799725606
C-NZ_AEYC01000074.1:53965..55167,21.947873799725606
tnaA,21.947873799725606
gabD,21.947873799725606
NZ_AEYC01000001.1:311535..312641,21.947873799725606
C-NZ_AEYC01000005.1:18703..19707,21.947873799725606
C-NZ_AEYC01000030.1:89420..91402,21.947873799725606
NZ_AEYC01000066.1:96373..98328,21.947873799725606
C-NZ_AEYC01000001.1:440887..441744,21.947873799725606
NZ_AEYC01000017.1:17231..18451,21.947873799725606
NZ_AEYC01000018.1:27183..28394,21.947873799725606
C-NZ_AEYC01000066.1:38264..38869,21.947873799725606
C-NZ_AEYC01000088.1:423760..424932,21.947873799725606
NZ_AEYC01000063.1:141962..143170,21.947873799725606
C-NZ_AEYC01000072.1:37204..38487,21.947873799725606
NZ_AEYC01000001.1:220457..221695,21.947873799725606
NZ_AEYC01000001.1:123218..124432,21.947873799725606
NZ_AEYC01000076.1:69490..69840,21.947873799725606
C-NZ_AEYC01000088.1:106778..107956,21.947873799725606
C-NZ_AEYC01000005.1:47902..49599,21.947873799725606
purU,21.930222020842784
ruvB,21.947873799725556
NZ_AEYC01000023.1:146982..148055,21.947873799725606
NZ_AEYC01000024.1:15651..16055,21.947873799725606
NZ_AEYC01000001.1:169292..170101,21.947873799725606
NZ_AEYC01000021.1:21202..22068,21.947873799725606
NZ_AEYC01000007.1:176966..177736,21.947873799725606
ksgA,21.947873799725606
NZ_AEYC01000001.1:36766..38325,21.947873799725606
C-NZ_AEYC01000001.1:280402..282246,21.947873799725606
NZ_AEYC01000023.1:47115..48809,21.947873799725606
C-NZ_AEYC01000020.1:121967..123667,21.947873799725606
NZ_AEYC01000021.1:57863..59557,21.947873799725606
NZ_AEYC01000019.1:16163..17533,21.947873799725606
gvcT,21.947873799725606
NZ_AEYC01000006.1:19712..22606,21.947873799725606
NZ_AEYC01000023.1:41338..41667,21.947873799725606
C-NZ_AEYC01000006.1:175272..176441,21.947873799725606
NZ_AEYC01000089.1:63369..65351,21.947873799725606
C-NZ_AEYC01000023.1:340533..340802,21.947873799725606
tdh,21.947873799725606
NZ_AEYC01000002.1:5979..6593,21.947873799725606
C-NZ_AEYC01000094.1:14369..15457,21.947873799725606
NZ_AEYC01000094.1:52661..53104,21.947873799725606
deoA,21.69220807252331
NZ_AEYC01000096.1:74697..76004,21.947873799725652
NZ_AEYC01000006.1:7218..8462,21.947873799725627
C-NZ_AEYC01000064.1:10872..12188,21.947873799725627
NZ_AEYC01000033.1:588..2312,21.947873799725627
NZ_AEYC01000023.1:282670..282888,21.947873799725627
C-NZ_AEYC01000021.1:34508..35395,21.947873799725627
C-NZ_AEYC01000084.1:109034..109960,21.947873799725627
NZ_AEYC01000001.1:42651..43808,21.947873799725627
C-NZ_AEYC01000095.1:19309..20475,21.947873799725627
C-NZ_AEYC01000095.1:18421..19305,21.947873799725627
NZ_AEYC01000018.1:193865..194743,-3.897876634237503e-14
panC,0.0
NZ_AEYC01000001.1:38322..39974,21.94787379972569
C-NZ_AEYC01000013.1:40068..41000,-1.1664876167938402e-14
C-NZ_AEYC01000089.1:24584..25372,21.947873799725436
NZ_AEYC01000088.1:341279..342058,21.947873799725595
C-NZ_AEYC01000050.1:11011..11862,21.947873799725595
NZ_AEYC01000076.1:65779..66582,21.947873799725595
NZ_AEYC01000088.1:411799..412812,21.947873799725595
NZ_AEYC01000001.1:286052..287047,21.947873799725595
NZ_AEYC01000008.1:21977..23119,21.947873799725595
NZ_AEYC01000023.1:149313..150452,21.947873799725595
thiE,21.947873799725595
C-NZ_AEYC01000018.1:332884..333909,21.947873799725595
NZ_AEYC01000004.1:112625..113473,21.947873799725595
cobT,21.947873799725595
purN,21.947873799725595
NZ_AEYC01000019.1:240459..241394,-2.2324274671344855e-14
C-NZ_AEYC01000034.1:119377..120519,21.947873799726143
C-NZ_AEYC01000070.1:87860..89131,21.947873799725592
NZ_AEYC01000019.1:278826..280094,21.947873799725592
cobN,21.947873799725592
mraY,21.947873799725592
C-NZ_AEYC01000096.1:62303..63268,21.947873799725592
C-NZ_AEYC01000018.1:221254..223197,21.947873799725592
NZ_AEYC01000029.1:39313..41115,21.947873799725592
NZ_AEYC01000001.1:420064..421308,21.947873799725592
C-NZ_AEYC01000019.1:207777..208541,21.947873799725592
ispH,21.947873799725592
NZ_AEYC01000023.1:387819..389669,21.947873799725592
NZ_AEYC01000048.1:28963..31059,21.947873799725592
C-NZ_AEYC01000031.1:81538..82785,21.947873799725592
NZ_AEYC01000088.1:111629..112768,21.947873799725592
pyrE,21.947873799725592
NZ_AEYC01000016.1:20370..21809,21.947873799725592
C-NZ_AEYC01000095.1:54758..55888,21.947873799725592
guaA,21.947873799725592
C-NZ_AEYC01000006.1:148606..149532,21.709633649932158
C-NZ_AEYC01000008.1:35582..36982,21.94787379972563
gatA,21.94787379972565
gatB,21.94787379972565
NZ_AEYC01000092.1:39551..40780,21.94787379972565
C-NZ_AEYC01000022.1:36426..37646,21.94787379972565
C-NZ_AEYC01000088.1:123824..125062,21.94787379972565
NZ_AEYC01000038.1:62797..64023,21.94787379972565
C-NZ_AEYC01000092.1:68362..69726,21.94787379972565
C-NZ_AEYC01000092.1:60657..60956,21.94787379972565
C-NZ_AEYC01000092.1:63751..66270,21.94787379972565
C-NZ_AEYC01000092.1:61900..62460,21.94787379972565
C-NZ_AEYC01000092.1:55321..56871,21.94787379972565
C-NZ_AEYC01000092.1:70521..71195,21.94787379972565
C-NZ_AEYC01000092.1:60953..61903,21.94787379972565
C-NZ_AEYC01000092.1:69801..70484,21.94787379972565
C-NZ_AEYC01000095.1:96597..98459,21.94787379972565
NZ_AEYC01000001.1:182732..183988,21.94787379972565
ddl,21.94787379972565
C-NZ_AEYC01000070.1:50289..51881,21.94787379972565
C-NZ_AEYC01000070.1:76768..79056,21.94787379972565
C-NZ_AEYC01000070.1:49067..50242,21.94787379972565
C-NZ_AEYC01000070.1:85806..87239,21.94787379972565
purH,21.94787379972565
C-NZ_AEYC01000070.1:106330..107616,21.94787379972565
NZ_AEYC01000083.1:49507..50256,21.947873799725635
NZ_AEYC01000020.1:120671..121747,21.947873799725635
C-NZ_AEYC01000034.1:88573..89547,21.947873799725635
C-NZ_AEYC01000018.1:277368..280196,21.947873799725635
ndk,9.898922810085458e-16
pyrC,21.947873799725727
pyrG,21.94787379972564
dcd,21.94787379972564
C-NZ_AEYC01000092.1:90129..90776,21.94787379972564
thyX,21.94787379972564
C-NZ_AEYC01000014.1:64384..65199,21.94787379972564
murC,21.94787379972564
C-NZ_AEYC01000076.1:7205..8122,21.94787379972564
argC,21.94787379972564
C-NZ_AEYC01000076.1:6015..7205,21.94787379972564
argJ,21.94787379972564
C-NZ_AEYC01000019.1:287262..288608,21.94787379972564
C-NZ_AEYC01000066.1:67533..68984,21.94787379972564
NZ_AEYC01000030.1:34769..35542,21.94787379972564
NZ_AEYC01000034.1:2334..3263,21.94787379972564
NZ_AEYC01000004.1:14966..15718,21.94787379972564
C-NZ_AEYC01000015.1:4160..5236,21.94787379972564
NZ_AEYC01000001.1:160937..162241,21.94787379972564
argD,21.94787379972564
glyA,21.530249110320224
mmuM,21.947873799725627
C-NZ_AEYC01000008.1:153020..155296,21.94787379972566
C-NZ_AEYC01000039.1:34861..37176,21.94787379972566
NZ_AEYC01000001.1:285399..285905,21.94787379972566
hisG,21.94787379972566
hisI,21.94787379972566
NZ_AEYC01000004.1:141212..141943,21.94787379972566
NZ_AEYC01000004.1:131214..132173,21.94787379972566
hisD,21.94787379972566
C-NZ_AEYC01000054.1:43256..44365,21.94787379972566
NZ_AEYC01000001.1:86532..87635,21.94787379972566
NZ_AEYC01000023.1:78792..79892,21.94787379972566
aroE,21.94787379972566
C-NZ_AEYC01000001.1:5879..7147,21.94787379972566
C-NZ_AEYC01000054.1:44984..46177,21.94787379972566
C-NZ_AEYC01000029.1:108522..109523,21.94787379972566
NZ_AEYC01000004.1:143818..145395,21.94787379972566
trpC,21.94787379972566
C-NZ_AEYC01000023.1:105113..106303,21.94787379972566
NZ_AEYC01000088.1:315650..317014,21.94787379972566
NZ_AEYC01000001.1:332438..335815,16.260162601625993
NZ_AEYC01000072.1:3977..5791,21.947873799725663
NZ_AEYC01000018.1:64046..65890,21.947873799725635
glpX,21.947873799725635
NZ_AEYC01000088.1:85119..86564,20.405441451053534
NZ_AEYC01000008.1:210011..211450,21.947873799725652
C-NZ_AEYC01000048.1:64695..65375,21.947873799725667
NZ_AEYC01000088.1:81321..82406,21.947873799725667
NZ_AEYC01000018.1:297101..298948,21.947873799725667
NZ_AEYC01000096.1:54303..55283,21.947873799725667
C-NZ_AEYC01000039.1:37575..38693,21.947873799725667
C-NZ_AEYC01000034.1:122048..123175,21.947873799725667
NZ_AEYC01000088.1:352433..353575,21.947873799725667
C-NZ_AEYC01000094.1:62798..64018,21.947873799725667
sucC,21.947873799725667
C-NZ_AEYC01000050.1:2682..3422,21.947873799725667
sdhB,21.947873799725667
fumC,20.052398226521575
C-NZ_AEYC01000007.1:141023..142009,21.903959561920782
NZ_AEYC01000088.1:82436..84091,21.94787379972571
C-NZ_AEYC01000070.1:111553..112587,21.94787379972565
tpiA,21.94787379972565
NZ_AEYC01000083.1:44086..45090,21.94787379972565
NZ_AEYC01000029.1:25358..26257,21.94787379972565
fabG,21.94787379972565
C-NZ_AEYC01000008.1:1427..2194,21.94787379972565
pntAB,21.66181700614289
