Reaction ID,Objective Value
R00004,19.607843137254886
R00005,21.947873799725624
R00006,21.947873799725627
R00009,21.947873799725652
R00013,21.947873799725652
R00022,21.947873799725652
R00025,21.947873799725652
R00028,21.947873799725652
R00036,21.947873799725652
R00066,21.947873799725652
R00069,21.947873799725652
R00084,21.947873799725652
R00089,21.947873799725652
R00093,21.947873799725652
R00094,21.947873799725652
R00103,21.947873799725652
R00104,21.947873799725652
R00106,21.947873799725652
R00111,21.947873799725652
R00112,21.66181700614285
R00114,21.947873799725617
R00115,21.94787379972565
R00118,21.94787379972565
R00130,-4.852800736657326e-14
R00131,21.947873799725606
R00132,21.94787379972561
R00137,21.94787379972561
R00139,21.94787379972561
R00161,21.94787379972561
R00177,-7.741573726008758e-14
R00178,21.947873799725638
R00189,21.94787379972565
R00192,5.4737645630289395e-15
R00217,21.947873799725368
R00220,21.947873799725613
R00253,21.947873799725613
R00254,21.947873799725613
R00257,21.947873799725613
R00264,21.947873799725613
R00272,21.947873799725613
R00275,21.947873799725613
R00277,21.947873799725613
R00278,21.947873799725613
R00286,21.947873799725613
R00306,21.947873799725613
R00310,21.947873799725613
R00321,21.947873799725613
R00335,21.947873799725613
R00354,21.947873799725613
R00357,21.947873799725613
R00366,21.947873799725613
R00371,21.947873799725613
R00372,21.947873799725606
R00418,21.947873799725635
R00424,21.947873799725635
R00425,21.947873799725635
R00428,21.947873799725635
R00429,21.947873799725635
R00434,21.947873799725635
R00457,21.947873799725635
R00470,21.947873799725635
R00471,21.947873799725635
R00475,21.947873799725635
R00481,21.947873799725635
R00489,3.1901438052617844e-14
R00490,21.947873799725787
R00491,21.94787379972559
R00494,21.94787379972559
R00505,21.94787379972559
R00513,21.94787379972559
R00516,21.94787379972559
R00517,21.94787379972559
R00519,21.94787379972559
R00524,21.94787379972559
R00549,21.94787379972559
R00551,21.94787379972559
R00552,21.94787379972559
R00557,21.94787379972559
R00558,21.94787379972559
R00565,21.94787379972559
R00602,21.94787379972559
R00610,21.94787379972559
R00647,21.94787379972559
R00654,21.94787379972559
R00668,21.94787379972559
R00670,21.94787379972559
R00673,21.94787379972559
R00678,21.94787379972559
R00685,21.94787379972559
R00691,21.94787379972559
R00698,21.94787379972559
R00699,21.94787379972559
R00705,21.94787379972559
R00713,21.947873799725592
R00715,21.947873799725592
R00720,21.947873799725592
R00722,21.947873799725592
R00724,21.947873799725592
R00736,21.947873799725592
R00754,21.48204404903986
R00760,21.94787379972562
R00765,21.947873799725617
R00772,21.947873799725617
R00782,21.947873799725617
R00787,21.947873799725617
R00789,21.947873799725617
R00794,21.947873799725617
R00801,21.947873799725617
R00817,21.947873799725617
R00818,21.947873799725617
R00829,21.947873799725617
R00833,21.947873799725617
R00836,21.947873799725617
R00839,21.947873799725617
R00847,21.947873799725617
R00848,21.947873799725617
R00856,21.947873799725617
R00872,21.947873799725617
R00885,21.947873799725617
R00894,21.947873799725617
R00899,21.947873799725617
R00900,21.947873799725617
R00904,21.947873799725617
R00908,21.947873799725617
R00918,21.947873799725617
R00922,21.947873799725617
R00925,21.947873799725617
R00926,21.947873799725617
R00927,21.947873799725617
R00935,21.947873799725617
R00942,21.947873799725617
R00943,21.947873799725617
R00944,21.930222020842745
R00955,21.2826333711691
R00962,21.947873799725627
R00964,21.94787379972567
R00966,21.94787379972567
R00967,21.94787379972567
R00968,21.94787379972567
R00970,21.94787379972567
R00974,21.94787379972567
R00982,21.94787379972567
R00987,21.94787379972567
R00994,21.94787379972567
R00996,21.94787379972567
R00997,21.94787379972567
R00999,21.94787379972567
R01010,21.94787379972567
R01011,21.94787379972567
R01030,21.94787379972567
R01041,21.94787379972567
R01054,21.94787379972567
R01064,21.94787379972567
R01074,21.94787379972567
R01078,21.94787379972567
R01087,21.94787379972567
R01092,21.282633371169126
R01100,21.947873799725638
R01101,21.318931210915263
R01103,21.947873799725606
R01104,21.947873799725635
R01123,21.947873799725635
R01157,21.947873799725635
R01159,21.947873799725635
R01167,21.947873799725635
R01168,21.947873799725635
R01175,21.947873799725635
R01177,21.947873799725635
R01183,21.947873799725635
R01185,21.947873799725635
R01186,21.947873799725635
R01187,21.947873799725635
R01194,21.947873799725635
R01209,21.947873799725635
R01216,21.852947871613914
R01220,21.930222020842727
R01221,21.947873799725635
R01224,21.947873799725592
R01226,21.947873799725592
R01243,21.947873799725592
R01255,21.947873799725592
R01268,21.947873799725592
R01273,21.947873799725592
R01274,21.947873799725592
R01279,21.947873799725592
R01280,21.947873799725592
R01285,21.947873799725592
R01288,21.947873799725592
R01289,21.947873799725592
R01293,21.947873799725592
R01298,21.947873799725592
R01329,21.947873799725592
R01334,21.947873799725592
R01353,21.709633649932094
R01354,21.947873799725638
R01357,21.947873799725627
R01360,21.947873799725627
R01361,21.947873799725627
R01364,21.947873799725627
R01366,21.947873799725627
R01372,21.947873799725627
R01394,21.94787379972562
R01411,21.947873799725652
R01419,21.947873799725652
R01421,21.947873799725652
R01424,21.947873799725652
R01459,21.947873799725652
R01465,21.947873799725652
R01470,21.947873799725652
R01482,21.947873799725652
R01488,21.947873799725652
R01492,21.947873799725652
R01504,21.947873799725652
R01505,21.947873799725652
R01515,21.947873799725652
R01542,21.947873799725652
R01548,21.947873799725652
R01549,21.947873799725652
R01560,21.947873799725652
R01569,21.947873799725652
R01570,21.947873799725652
R01613,21.947873799725652
R01631,21.947873799725652
R01639,21.947873799725652
R01647,21.947873799725652
R01648,21.94787379972563
R01654,21.947873799725613
R01655,21.93022202084269
R01658,21.947873799725574
R01662,21.94787379972559
R01664,21.94787379972559
R01676,21.94787379972559
R01686,21.94787379972559
R01698,21.94787379972559
R01716,21.94787379972559
R01717,21.94787379972559
R01724,21.94787379972559
R01745,21.947873799725578
R01751,21.947873799725595
R01752,21.947873799725595
R01764,21.947873799725595
R01768,21.855188521855148
R01818,21.94787379972561
R01837,21.947873799725613
R01856,21.947873799725613
R01859,21.947873799725613
R01878,21.947873799725613
R01880,21.947873799725613
R01884,21.947873799725613
R01902,21.947873799725613
R01906,21.947873799725613
R01920,21.947873799725613
R01931,21.947873799725613
R01933,21.947873799725613
R01942,21.947873799725613
R01968,21.947873799725613
R01969,21.692208072523165
R01975,21.947873799725592
R01978,21.947873799725595
R01983,21.947873799725595
R01986,21.947873799725595
R01989,21.947873799725595
R02003,21.947873799725595
R02047,21.947873799725595
R02059,21.947873799725595
R02061,21.947873799725595
R02065,21.947873799725595
R02080,21.947873799725595
R02088,21.947873799725595
R02091,21.947873799725595
R02096,21.947873799725595
R02097,21.947873799725595
R02102,21.947873799725595
R02103,21.947873799725595
R02106,21.947873799725595
R02124,21.947873799725595
R02133,21.947873799725595
R02173,21.947873799725595
R02216,21.947873799725595
R02222,21.83039462636435
R02231,21.947873799725635
R02237,21.947873799725617
R02262,21.947873799725617
R02269,21.947873799725617
R02272,21.947873799725617
R02279,21.947873799725617
R02288,21.947873799725617
R02294,21.947873799725617
R02295,21.947873799725617
R02300,21.947873799725617
R02301,21.947873799725617
R02323,21.947873799725617
R02327,21.947873799725617
R02328,-5.506183251664227e-15
R02332,21.947873799725695
R02354,21.947873799725595
R02355,21.947873799725595
R02356,21.947873799725595
R02371,21.947873799725595
R02372,21.947873799725595
R02377,21.947873799725595
R02382,21.947873799725595
R02387,21.947873799725595
R02396,21.947873799725595
R02404,21.947873799725595
R02408,21.947873799725595
R02422,21.947873799725595
R02424,21.947873799725595
R02425,21.947873799725595
R02430,21.947873799725595
R02454,21.947873799725595
R02457,21.947873799725595
R02472,5.38116616451334e-15
R02473,-2.2324274671344896e-14
R02484,21.94787379972565
R02485,21.94787379972562
R02487,21.94787379972562
R02499,21.94787379972562
R02508,21.94787379972562
R02519,21.94787379972562
R02520,21.94787379972562
R02521,21.94787379972562
R02529,21.94787379972562
R02532,21.94787379972562
R02536,21.94787379972562
R02539,21.94787379972562
R02540,21.94787379972562
R02545,21.94787379972562
R02549,21.94787379972562
R02556,21.94787379972562
R02557,21.947873799725613
R02565,21.947873799725635
R02566,21.947873799725635
R02613,21.947873799725635
R02644,21.947873799725635
R02668,21.947873799725635
R02670,21.947873799725635
R02671,21.947873799725635
R02672,21.947873799725635
R02678,21.947873799725635
R02701,21.947873799725635
R02706,21.947873799725635
R02720,21.947873799725635
R02748,21.947873799725638
R02752,21.947873799725617
R02777,21.947873799725617
R02778,21.947873799725617
R02782,21.947873799725617
R02788,21.947873799725617
R02807,21.947873799725617
R02840,21.947873799725617
R02853,21.947873799725617
R02855,21.947873799725617
R02857,21.947873799725617
R02858,21.947873799725617
R02864,21.947873799725617
R02869,21.947873799725617
R02894,21.947873799725617
R02908,21.947873799725617
R02912,21.947873799725617
R02914,21.947873799725617
R02919,21.947873799725617
R02922,21.947873799725617
R02923,21.947873799725617
R02926,21.947873799725617
R02933,21.947873799725617
R02940,21.947873799725617
R02946,21.947873799725617
R02957,21.947873799725617
R02971,21.947873799725617
R02984,21.947873799725617
R02991,21.947873799725617
R03004,21.947873799725617
R03005,21.947873799725617
R03014,21.947873799725617
R03018,-2.2324274671344896e-14
R03024,21.947873799725627
R03026,21.947873799725677
R03033,21.947873799725677
R03035,1.0023143729991583e-14
R03037,21.94787379972559
R03051,21.947873799725652
R03055,21.947873799725652
R03065,21.947873799725652
R03066,21.947873799725652
R03067,21.947873799725652
R03088,21.947873799725652
R03089,21.947873799725652
R03090,21.947873799725652
R03096,21.947873799725652
R03105,21.947873799725652
R03106,21.947873799725652
R03119,21.947873799725652
R03157,21.947873799725652
R03163,21.947873799725652
R03165,21.947873799725652
R03180,21.947873799725652
R03182,21.947873799725652
R03184,21.947873799725652
R03194,21.947873799725652
R03197,21.947873799725652
R03209,21.947873799725652
R03210,21.947873799725652
R03217,21.947873799725652
R03222,21.947873799725652
R03223,21.947873799725652
R03231,21.947873799725652
R03234,21.947873799725652
R03236,21.947873799725652
R03237,21.947873799725652
R03238,21.947873799725652
R03239,21.947873799725652
R03260,21.947873799725652
R03269,5.914796704141642e-14
R03276,21.947873799725695
R03283,21.947873799725627
R03291,21.947873799725627
R03293,21.947873799725627
R03307,21.947873799725627
R03319,21.947873799725627
R03327,21.947873799725627
R03346,21.947873799725627
R03347,21.947873799725627
R03348,21.947873799725627
R03371,21.947873799725627
R03387,21.947873799725627
R03408,21.947873799725627
R03409,21.947873799725627
R03458,21.947873799725627
R03459,21.947873799725627
R03470,21.947873799725627
R03471,21.947873799725627
R03472,21.947873799725627
R03503,21.947873799725627
R03504,21.947873799725627
R03530,21.947873799725627
R03531,21.947873799725627
R03544,21.947873799725627
R03549,21.947873799725627
R03595,21.947873799725627
R03601,21.947873799725627
R03630,21.947873799725627
R03632,21.947873799725627
R03634,21.947873799725627
R03743,21.947873799725627
R03751,21.947873799725627
R03774,21.947873799725627
R03777,21.947873799725627
R03778,21.947873799725627
R03824,21.947873799725627
R03845,21.947873799725627
R03857,21.947873799725627
R03858,21.947873799725627
R03869,21.947873799725627
R03877,21.947873799725627
R03884,21.947873799725627
R03893,21.947873799725627
R03896,21.947873799725627
R03898,21.947873799725627
R03936,21.947873799725627
R03943,21.947873799725627
R03947,21.947873799725627
R03948,21.947873799725627
R03950,21.947873799725627
R03955,21.947873799725627
R03970,21.947873799725627
R03971,21.947873799725627
R03980,21.947873799725627
R03982,21.947873799725627
R03990,21.947873799725627
R03991,21.947873799725627
R04000,21.947873799725627
R04025,21.947873799725627
R04030,21.947873799725627
R04031,21.947873799725627
R04049,21.947873799725627
R04065,21.947873799725627
R04095,21.947873799725627
R04112,21.947873799725627
R04137,21.947873799725627
R04138,21.947873799725627
R04148,21.947873799725627
R04150,21.947873799725627
R04163,21.947873799725627
R04170,21.947873799725627
R04172,21.947873799725627
R04188,21.947873799725627
R04203,21.947873799725627
R04204,21.947873799725627
R04206,21.947873799725627
R04218,21.947873799725627
R04221,21.947873799725627
R04224,21.947873799725627
R04230,21.947873799725627
R04231,21.94787379972565
R04257,21.947873799725638
R04258,21.947873799725638
R04292,21.947873799725638
R04300,21.947873799725638
R04306,21.947873799725638
R04318,21.947873799725638
R04326,21.947873799725638
R04378,21.947873799725638
R04379,21.947873799725638
R04391,21.947873799725638
R04420,21.947873799725638
R04444,21.947873799725638
R04445,21.947873799725638
R04457,21.947873799725638
R04464,21.947873799725638
R04482,21.947873799725638
R04489,21.947873799725638
R04506,21.947873799725638
R04509,21.947873799725638
R04546,21.947873799725638
R04547,21.947873799725638
R04573,21.947873799725638
R04592,21.947873799725638
R04617,21.947873799725638
R04620,21.947873799725638
R04639,21.947873799725638
R04674,21.947873799725638
R04678,21.947873799725638
R04734,21.947873799725638
R04737,21.947873799725638
R04738,21.947873799725638
R04739,21.947873799725638
R04740,21.947873799725638
R04741,21.947873799725638
R04742,21.947873799725638
R04743,21.947873799725638
R04744,21.947873799725638
R04745,21.947873799725638
R04746,21.947873799725638
R04747,21.947873799725638
R04748,21.947873799725638
R04749,21.947873799725638
R04751,21.947873799725638
R04754,21.947873799725638
R04770,21.947873799725638
R04771,21.947873799725638
R04777,21.947873799725638
R04783,21.947873799725638
R04785,21.947873799725638
R04801,21.947873799725638
R04805,21.947873799725638
R04810,21.947873799725638
R04812,21.947873799725638
R04831,21.947873799725638
R04834,21.947873799725638
R04844,21.947873799725638
R04847,21.947873799725638
R04849,21.947873799725638
R04868,21.947873799725638
R04880,21.947873799725638
R04885,21.947873799725638
R04890,21.947873799725638
R04893,21.947873799725638
R04894,21.947873799725638
R04903,21.947873799725638
R04907,21.947873799725638
R04908,21.947873799725638
R04909,21.947873799725638
R04928,21.947873799725638
R04929,21.947873799725638
R04930,21.947873799725638
R04936,21.947873799725638
R04941,21.947873799725638
R04942,21.947873799725638
R04944,21.947873799725638
R04945,21.947873799725638
R04946,21.947873799725638
R04972,21.947873799725638
R04986,21.947873799725638
R04990,21.947873799725638
R04998,21.947873799725638
R05032,21.947873799725638
R05046,21.947873799725638
R05048,21.947873799725638
R05050,21.947873799725638
R05051,21.947873799725638
R05062,21.947873799725638
R05066,21.947873799725638
R05085,21.947873799725638
R05086,21.947873799725638
R05133,21.947873799725638
R05134,21.947873799725638
R05149,21.947873799725638
R05150,21.947873799725638
R05165,21.947873799725638
R05168,21.947873799725638
R05177,21.947873799725638
R05180,21.947873799725638
R05181,21.947873799725638
R05198,21.947873799725638
R05217,21.947873799725638
R05220,21.947873799725638
R05221,21.947873799725638
R05222,21.947873799725638
R05223,21.947873799725638
R05224,21.947873799725638
R05225,21.947873799725638
R05227,21.947873799725638
R05231,21.947873799725638
R05233,21.947873799725638
R05234,21.947873799725638
R05237,21.947873799725638
R05238,21.947873799725638
R05258,21.947873799725638
R05265,21.947873799725638
R05274,21.947873799725638
R05284,21.947873799725638
R05285,21.947873799725638
R05286,21.947873799725638
R05287,21.947873799725638
R05289,21.947873799725638
R05299,21.947873799725638
R05300,21.947873799725638
R05320,21.947873799725638
R05341,21.947873799725638
R05351,21.947873799725638
R05367,21.947873799725638
R05368,21.947873799725638
R05369,21.947873799725638
R05370,21.947873799725638
R05371,21.947873799725638
R05372,21.947873799725638
R05390,21.947873799725638
R05420,21.947873799725638
R05448,21.947873799725638
R05449,21.947873799725638
R05452,21.947873799725638
R05456,21.947873799725638
R05506,21.947873799725638
R05509,21.947873799725638
R05510,21.947873799725638
R05511,21.947873799725638
R05549,21.947873799725638
R05551,21.947873799725638
R05553,21.947873799725638
R05559,21.947873799725638
R05572,21.947873799725638
R05575,21.947873799725638
R05576,21.947873799725638
R05582,21.947873799725638
R05586,21.947873799725638
R05590,21.947873799725638
R05593,21.947873799725638
R05595,21.947873799725638
R05608,21.947873799725638
R05615,21.947873799725638
R05621,21.947873799725638
R05622,21.947873799725638
R05627,21.947873799725638
R05629,21.947873799725638
R05630,21.947873799725638
R05632,21.947873799725638
R05633,21.947873799725638
R05634,21.947873799725638
R05636,21.947873799725638
R05637,21.947873799725638
R05640,21.947873799725638
R05645,21.947873799725638
R05653,21.947873799725638
R05654,21.947873799725638
R05655,21.947873799725638
R05659,21.947873799725638
R05661,21.947873799725638
R05662,21.947873799725638
R05663,21.947873799725638
R05664,21.947873799725638
R05681,21.947873799725638
R05688,21.947873799725638
R05706,21.947873799725638
R05731,21.947873799725638
R05763,21.947873799725638
R05775,21.947873799725638
R05808,21.947873799725638
R05809,21.947873799725638
R05810,21.947873799725638
R05812,21.947873799725638
R05813,21.947873799725638
R05814,21.947873799725638
R05815,21.947873799725638
R05823,21.947873799725638
R05837,21.947873799725638
R05861,21.947873799725638
R05862,21.947873799725638
R05863,21.947873799725638
R05884,21.947873799725638
R06171,21.947873799725638
R06180,21.947873799725638
R06286,21.947873799725638
R06366,21.947873799725638
R06367,21.947873799725638
R06368,21.947873799725638
R06396,16.46090534979424
R06397,21.947873799725663
R06398,21.947873799725656
R06400,21.947873799725656
R06404,21.947873799725656
R06406,21.947873799725656
R06409,21.947873799725656
R06410,21.947873799725656
R06411,21.947873799725656
R06412,21.947873799725656
R06414,21.947873799725656
R06415,21.947873799725656
R06435,21.947873799725656
R06436,21.947873799725656
R06447,21.947873799725656
R06513,6.964060943102692e-16
R06514,21.947873799725315
R06515,16.46090534979423
R06529,21.94787379972554
R06558,21.947873799725617
R06568,21.947873799725617
R06578,21.947873799725617
R06589,21.947873799725617
R06590,21.947873799725617
R06601,21.947873799725617
R06622,21.947873799725617
R06728,21.947873799725617
R06729,21.947873799725617
R06731,21.947873799725617
R06782,21.947873799725617
R06783,21.947873799725617
R06786,21.947873799725617
R06787,21.947873799725617
R06833,21.947873799725617
R06835,21.947873799725617
R06838,21.947873799725617
R06839,21.947873799725617
R06851,21.947873799725617
R06858,21.947873799725617
R06859,21.947873799725617
R06883,21.947873799725617
R06884,21.947873799725617
R06888,21.947873799725617
R06890,21.947873799725617
R06891,21.947873799725617
R06895,21.947873799725617
R06904,21.947873799725617
R06905,21.947873799725617
R06908,21.947873799725617
R06915,21.947873799725617
R06916,21.947873799725617
R06917,21.947873799725617
R06926,21.947873799725617
R06927,21.947873799725617
R06936,21.947873799725617
R06939,21.947873799725617
R06941,21.947873799725617
R06942,21.947873799725617
R06944,21.947873799725617
R06962,21.947873799725617
R06966,21.947873799725617
R06970,21.947873799725617
R06971,21.947873799725617
R06972,21.947873799725617
R06977,21.947873799725617
R06978,21.947873799725617
R06979,21.947873799725617
R06989,21.947873799725617
R06990,21.947873799725617
R07000,21.947873799725617
R07001,21.947873799725617
R07002,21.947873799725617
R07003,21.947873799725617
R07004,21.947873799725617
R07013,21.947873799725617
R07014,21.947873799725617
R07016,21.947873799725617
R07020,21.947873799725617
R07021,21.947873799725617
R07022,21.947873799725617
R07023,21.947873799725617
R07024,21.947873799725617
R07025,21.947873799725617
R07026,21.947873799725617
R07027,21.947873799725617
R07042,21.947873799725617
R07043,21.947873799725617
R07044,21.947873799725617
R07045,21.947873799725617
R07046,21.947873799725617
R07048,21.947873799725617
R07050,21.947873799725617
R07051,21.947873799725617
R07052,21.947873799725617
R07054,21.947873799725617
R07055,21.947873799725617
R07056,21.947873799725617
R07058,21.947873799725617
R07066,21.947873799725617
R07068,21.947873799725617
R07069,21.947873799725617
R07070,21.947873799725617
R07071,21.947873799725617
R07072,21.947873799725617
R07075,21.947873799725617
R07079,21.947873799725617
R07080,21.947873799725617
R07081,21.947873799725617
R07082,21.947873799725617
R07083,21.947873799725617
R07084,21.947873799725617
R07085,21.947873799725617
R07087,21.947873799725617
R07088,21.947873799725617
R07089,21.947873799725617
R07090,21.947873799725617
R07091,21.947873799725617
R07092,21.947873799725617
R07093,21.947873799725617
R07094,21.947873799725617
R07098,21.947873799725617
R07099,21.947873799725617
R07100,21.947873799725617
R07105,21.947873799725617
R07107,21.947873799725617
R07112,21.947873799725617
R07113,21.947873799725617
R07116,21.947873799725617
R07168,21.947873799725606
R07188,21.947873799725592
R07191,21.947873799725592
R07219,21.947873799725592
R07263,21.947873799725592
R07268,21.947873799725592
R07270,21.947873799725592
R07281,21.947873799725592
R07290,21.947873799725592
R07302,21.947873799725592
R07322,21.947873799725592
R07323,21.947873799725592
R07324,21.947873799725592
R07343,21.947873799725592
R07353,21.947873799725592
R07363,21.947873799725592
R07364,21.947873799725592
R07392,21.947873799725592
R07395,21.947873799725592
R07400,21.947873799725592
R07411,21.947873799725592
R07412,21.947873799725592
R07416,21.947873799725592
R07456,21.947873799725592
R07463,21.947873799725592
R07465,21.947873799725592
R07541,21.947873799725592
R07560,21.947873799725592
R07627,21.947873799725592
R07641,21.947873799725592
R07663,21.947873799725592
R07665,21.947873799725592
R07667,21.947873799725592
R07669,21.947873799725592
R07670,21.947873799725592
R07675,21.947873799725592
R07687,21.947873799725592
R07697,21.947873799725592
R07700,21.947873799725592
R07706,21.947873799725592
R07709,21.947873799725592
R07710,21.947873799725592
R07759,21.947873799725592
R07770,21.947873799725592
R07773,21.947873799725592
R07779,21.947873799725592
R07828,21.947873799725592
R07833,21.947873799725592
R07839,21.947873799725592
R07856,21.947873799725592
R07881,21.947873799725592
R07888,21.947873799725592
R07889,21.947873799725592
R07890,21.947873799725592
R07891,21.947873799725592
R07892,21.947873799725592
R07893,21.947873799725592
R07894,21.947873799725592
R07895,21.947873799725592
R07896,21.947873799725592
R07897,21.947873799725592
R07898,21.947873799725592
R07899,21.947873799725592
R07916,21.947873799725592
R07934,21.947873799725592
R07937,21.947873799725592
R07939,21.947873799725592
R07940,21.947873799725592
R07943,21.947873799725592
R07945,21.947873799725592
R07950,21.947873799725592
R07951,21.947873799725592
R07953,21.947873799725592
R07954,21.947873799725592
R07955,21.947873799725592
R07956,21.947873799725592
R07957,21.947873799725592
R07958,21.947873799725592
R07959,21.947873799725592
R07960,21.947873799725592
R07961,21.947873799725592
R07962,21.947873799725592
R07963,21.947873799725592
R07964,21.947873799725592
R07965,21.947873799725592
R07966,21.947873799725592
R07967,21.947873799725592
R07968,21.947873799725592
R07969,21.947873799725592
R07970,21.947873799725592
R07971,21.947873799725592
R07972,21.947873799725592
R07973,21.947873799725592
R07974,21.947873799725592
R07975,21.947873799725592
R07976,21.947873799725592
R07981,21.947873799725592
R07987,21.947873799725592
R07988,21.947873799725592
R07989,21.947873799725592
R08034,21.947873799725592
R08036,21.947873799725592
R08050,21.947873799725592
R08056,21.947873799725592
R08090,21.947873799725592
R08091,21.947873799725592
R08092,21.947873799725592
R08093,21.947873799725592
R08094,21.947873799725592
R08095,21.947873799725592
R08097,21.947873799725592
R08100,21.947873799725592
R08101,21.947873799725592
R08108,21.947873799725592
R08109,21.947873799725592
R08110,21.947873799725592
R08114,21.947873799725592
R08115,21.947873799725592
R08116,21.947873799725592
R08120,21.947873799725592
R08121,21.947873799725592
R08165,21.947873799725592
R08174,21.83039462636438
R08175,21.947873799725667
R08176,21.83039462636436
R08177,21.947873799725443
R08178,21.94787379972569
R08179,21.94787379972569
R08180,21.94787379972569
R08181,21.94787379972569
R08182,21.94787379972569
R08183,21.94787379972569
R08198,21.94787379972569
R08209,21.94787379972569
R08210,21.94787379972569
R08220,21.94787379972569
R08221,21.94787379972569
R08222,21.94787379972569
R08227,21.94787379972569
R08230,21.94787379972569
R08231,21.94787379972569
R08232,21.94787379972569
R08237,21.94787379972569
R08238,21.94787379972569
R08240,21.94787379972569
R08243,21.94787379972569
R08244,21.94787379972569
R08245,21.94787379972569
R08248,21.94787379972569
R08250,21.94787379972569
R08255,21.94787379972569
R08256,21.94787379972569
R08258,21.94787379972569
R08267,21.94787379972569
R08268,21.94787379972569
R08269,21.94787379972569
R08270,21.94787379972569
R08271,21.94787379972569
R08272,21.94787379972569
R08274,21.94787379972569
R08275,21.94787379972569
R08276,21.94787379972569
R08277,21.94787379972569
R08280,21.94787379972569
R08281,21.94787379972569
R08285,21.94787379972569
R08286,21.94787379972569
R08287,21.94787379972569
R08293,21.94787379972569
R08294,21.94787379972569
R08295,21.94787379972569
R08300,21.94787379972569
R08303,21.94787379972569
R08304,21.94787379972569
R08306,21.94787379972569
R08310,21.94787379972569
R08312,21.94787379972569
R08313,21.94787379972569
R08318,21.94787379972569
R08324,21.94787379972569
R08325,21.94787379972569
R08326,21.94787379972569
R08327,21.94787379972569
R08339,21.94787379972569
R08340,21.94787379972569
R08341,21.94787379972569
R08342,21.94787379972569
R08343,21.94787379972569
R08344,21.94787379972569
R08345,21.94787379972569
R08346,21.94787379972569
R08347,21.94787379972569
R08348,21.94787379972569
R08359,21.94787379972569
R08390,21.94787379972569
R08391,21.94787379972569
R08392,21.94787379972569
R08503,21.94787379972569
R08528,21.94787379972569
R08555,21.94787379972569
R08557,21.94787379972569
R08558,21.94787379972569
R08603,21.94787379972569
R08635,21.94787379972569
R08734,21.94787379972569
R08739,21.94787379972569
R08878,21.94787379972569
R08924,21.94787379972569
R08926,21.94787379972569
R08959,21.94787379972569
R09083,21.94787379972569
R09096,21.94787379972569
R09102,21.94787379972569
R09104,21.94787379972569
R09105,21.94787379972569
R09107,21.94787379972569
R09129,21.94787379972569
R09134,21.94787379972569
R09136,21.94787379972569
R09157,21.94787379972569
R09177,21.94787379972569
R09220,21.94787379972569
R09222,21.94787379972569
R09229,21.94787379972569
R09247,21.94787379972569
R_NAD,20.891364902507
R_FAD,19.455252918288082
R_ATP,15.564202334630318
R00086,21.947873799725713
R_CO2HCO3-,21.947873799725595
R_HCO3-,16.260162601625975
R_NH4OH,21.94787379972561
R00921,21.709633649932147
R02141,21.947873799725585
R04026,21.94787379972561
R04214,21.94787379972561
R05356,21.94787379972561
R05030,21.94787379972561
R08855,21.94787379972561
R09195,21.94787379972561
R00895,21.94787379972561
R00896,21.94787379972561
R02433,21.94787379972561
R02619,21.94787379972561
R05052,21.94787379972561
R00281,21.94787379972561
R00529,-3.006943118997475e-14
R00509,-2.2324274671344905e-14
R02021,-2.2324274671344896e-14
R00188,-2.2324274671344902e-14
R00858,-2.2324274671344896e-14
R00768,21.947873799725702
R02060,21.94787379972562
R05332,21.94787379972562
R00416,21.94787379972562
R00660,21.94787379972562
R03191,21.94787379972562
R03192,21.94787379972562
R00401,20.196855426307046
R01150,21.94787379972559
R00289,-5.328759957717044e-15
R00291,21.28263337116962
R01072,21.94787379972563
R04144,21.947873799725635
R04325,21.947873799725635
R04463,21.947873799725635
R04208,21.947873799725635
R07404,21.947873799725635
R07405,21.947873799725635
R04591,21.947873799725635
R04559,21.947873799725635
R04560,21.947873799725635
R01127,21.947873799725635
R01135,21.947873799725635
R01083,21.947873799725635
R00127,21.947873799725635
R02017,21.94787379972565
R01230,21.94787379972565
R01231,21.94787379972565
R00332,21.94787379972565
R00330,21.94787379972565
R02019,21.94787379972565
R00575,21.94787379972565
R01397,21.94787379972565
R01993,21.94787379972565
R01867,21.94787379972565
R01870,21.94787379972565
R00965,21.94787379972565
R00158,21.94787379972565
R00156,21.828103683492493
R00571,21.947873799725656
R00573,21.947873799725635
R00570,21.947873799725635
R00512,21.947873799725638
R02024,21.94787379972564
R01665,21.947873799725635
R01857,21.947873799725635
R02325,21.947873799725635
R02331,21.947873799725635
R02098,21.947873799725635
R06613,21.947873799725635
R02094,21.947873799725635
R02093,5.855106477807209e-15
R01126,21.94787379972588
R01770,21.947873799725652
R01863,21.947873799725652
R01132,21.947873799725652
R00183,21.947873799725652
R00185,18.669778296382592
R01245,21.947873799725635
R01561,21.947873799725635
R00190,21.947873799725635
R02719,21.947873799725635
R02297,21.947873799725635
R02143,21.947873799725635
R02142,21.947873799725635
R01227,21.947873799725635
R02147,21.947873799725635
R01677,21.947873799725635
R01229,21.947873799725635
R02018,21.947873799725635
R02326,21.947873799725635
R01137,21.947873799725635
R01855,21.947873799725635
R00426,21.947873799725635
R00662,21.947873799725635
R00963,21.947873799725635
R00511,21.947873799725635
R02100,21.947873799725635
R02090,21.947873799725635
R00568,21.947873799725635
R01547,21.947873799725635
R00256,21.947873799725635
R00260,21.947873799725635
R01579,21.947873799725635
R03193,21.947873799725635
R02783,21.947873799725635
R00707,21.81517522101376
R01248,21.81517522101376
R00259,21.94787379972561
R02649,21.94787379972565
R03443,21.94787379972565
R02283,21.94787379972565
R02282,21.94787379972565
R00245,21.94787379972565
R00667,21.94787379972565
R00671,21.94787379972565
R00239,21.94787379972565
R03313,21.94787379972565
R01398,21.94787379972565
R01954,21.94787379972565
R01086,21.94787379972565
R00578,21.94787379972565
R00485,21.94787379972565
R00483,21.94787379972565
R00369,21.94787379972565
R00355,21.910366681756436
R00480,21.947873799725617
R02291,21.94787379972558
R02292,21.94787379972558
R04198,21.94787379972558
R04365,21.94787379972558
R04475,21.94787379972558
R02734,21.94787379972558
R02735,21.94787379972558
R00451,21.94787379972558
R01773,21.94787379972558
R01771,21.94787379972558
R01466,21.94787379972558
R00751,21.8366227032755
R01513,21.947873799725635
R04173,21.94787379972561
R00582,21.94787379972561
R00588,21.94787379972561
R00945,21.530249110320234
R09099,21.94787379972561
R00891,21.947873799725603
R00586,21.92615150361626
R00897,21.926151503616264
R03132,21.947873799725617
R08632,21.947873799725652
R08637,21.947873799725652
R01286,21.947873799725652
R01290,21.947873799725652
R00650,21.947873799725652
R00946,-3.4222152637191974e-15
R04405,21.94787379972561
R08648,21.94787379972562
R05069,21.94787379972562
R05068,21.94787379972562
R05070,21.94787379972562
R02199,21.94787379972562
R00226,21.947873799725656
R04439,21.947873799725635
R04441,21.947873799725635
R01214,19.047619047619033
R01215,20.196855426307025
R01213,21.947873799725603
R03968,21.947873799725635
R04001,21.947873799725635
R04426,21.947873799725635
R01652,21.947873799725635
R01090,21.947873799725635
R01071,21.947873799725635
R04035,21.947873799725635
R04037,21.947873799725635
R04640,21.947873799725635
R04558,21.947873799725635
R03457,21.947873799725635
R03243,21.947873799725635
R03013,21.947873799725635
R01158,21.947873799725635
R01826,21.947873799725635
R03083,21.947873799725635
R03084,21.947873799725635
R02413,21.947873799725635
R02412,21.947873799725635
R03460,21.947873799725635
R01714,21.947873799725635
R01715,21.947873799725635
R01373,21.947873799725635
R00694,21.947873799725635
R01728,21.947873799725635
R00734,21.947873799725635
R00986,21.947873799725635
R00985,21.947873799725635
R01073,21.947873799725635
R03509,21.947873799725635
R03508,21.947873799725635
R02722,21.947873799725635
R00209,21.947873799725635
R00235,21.947873799725635
R00710,21.83662270327546
R00199,21.94787379972562
R00197,21.947873799725592
R00196,21.947873799725592
R00214,21.947873799725592
R01736,21.947873799725592
R03145,21.91527124006478
R00319,21.947873799725613
R00361,21.830394626364324
R00238,21.947873799725606
R00742,21.947873799725617
R00479,21.947873799725613
R00472,21.94787379972564
R00344,16.26016260162602
R00431,21.947873799725567
R00762,21.94787379972562
R00835,20.405441451053544
R02035,20.405441451053612
R01528,21.947873799725635
R01056,21.947873799725635
R01529,21.947873799725635
R01641,21.947873799725635
R08575,21.947873799725635
R01067,21.947873799725635
R01737,20.83038118180526
R01519,21.947873799725617
R02036,21.947873799725645
R01541,21.252796420581586
R05605,20.839813374805573
R01051,21.947873799725627
R01049,21.94787379972563
R01066,21.94787379972563
R02750,21.94787379972563
R00351,21.78936942885438
R01324,21.94787379972568
R00267,21.94787379972566
R08549,21.94787379972566
R00405,21.94787379972566
R00408,19.455252918287766
R01082,20.052398226521582
R00342,21.90395956192094
R00299,21.282633371169105
R08639,21.391899600684532
R00771,21.94787379972561
R00756,21.947873799725592
R00767,21.947873799725592
R00769,21.947873799725592
R00770,21.947873799725592
R01068,21.947873799725592
R01015,21.947873799725592
R01061,16.26016260162599
R01512,16.26016260162601
R01518,16.26016260162602
R00658,16.26016260162598
R00200,21.947873799725652
R01625,21.947873799725674
R01624,21.947873799725674
R01626,21.947873799725674
R04355,21.947873799725674
R04533,21.947873799725674
R04428,21.947873799725674
R04429,21.947873799725674
R04952,21.947873799725674
R04953,21.947873799725674
R04954,21.947873799725674
R04955,21.947873799725674
R04957,21.947873799725674
R04536,21.947873799725674
R04537,21.947873799725674
R04958,21.947873799725674
R04960,21.947873799725674
R04534,21.947873799725674
R04535,21.947873799725674
R04961,21.947873799725674
R04963,21.947873799725674
R04964,21.947873799725674
R04965,21.947873799725674
R04724,21.947873799725674
R04014,21.947873799725674
R04726,21.947873799725674
R04566,21.947873799725674
R04568,21.947873799725674
R04966,21.947873799725674
R08159,21.947873799725674
R04968,21.947873799725674
R04543,21.947873799725674
R04544,21.947873799725674
R04969,21.947873799725674
R01706,21.947873799725674
R08161,21.947873799725674
R08162,21.947873799725674
R07762,21.947873799725674
R07763,21.947873799725674
R07764,21.947873799725674
R07765,21.947873799725674
R08163,21.83039462636439
R03370,21.83039462636432
R02814,21.83039462636433
R00744,21.94787379972564
R04919,21.947873799725635
R03045,21.947873799725635
R00924,21.947873799725635
R_C150ACP,21.947873799725635
R_C170ACP,21.947873799725635
R_Phosphatidate,21.947873799725635
R01799,21.947873799725635
R_Phosphatidylserine,21.947873799725635
R_Phosphatidylethanolamine,21.947873799725635
R01801,21.947873799725635
R02029,21.947873799725635
R_Cardiolipin,21.947873799725635
R00293,0.0
R08704,0.0
R08705,0.0
R06428,0.0
R06430,0.0
R08930,0.0
R08931,0.0
R08932,0.0
R_AGL,0.0
R_Assemble,0.0
R_Protein,21.94787379972567
R_DNA,21.947873799725645
R_RNA,21.947873799725645
R_Phospholipid,21.947873799725645
R_TAG,21.947873799725645
R_Peptidoglycan,21.947873799725645
R_Polysaccharide,21.947873799725645
R_Teichoic,21.947873799725645
R_Cell,21.947873799725645
R_Taurine,21.947873799725645
R_Molybdate,21.947873799725645
R_Fe3+,21.947873799725645
R_Thiamine,21.947873799725645
R_Betaine,21.947873799725645
R_L-Proline1,21.947873799725645
R_Choline,21.947873799725645
R_Choline_sulfate,21.947873799725645
R_Sulfate,-2.2324274671344896e-14
R_Nitrate,21.947873799725627
R_Carnitine,21.947873799725667
R_Maltose,21.947873799725667
R_D-Sorbitol,21.947873799725667
R_Mannitol,21.947873799725667
R_Cellobiose,21.947873799725667
R_D-Ribose,21.947873799725667
R_D-Fructose1,21.947873799725667
R_Orthophosphate1,21.947873799725667
R_Orthophosphoric_monoester,21.947873799725667
R_L-Glutamate1,21.947873799725667
R_L-Valine1,21.947873799725667
R_L-Leucine1,21.947873799725667
R_L-Isoleucine1,21.947873799725667
R_L-Threonine1,21.947873799725667
R_L-Histidine1,21.947873799725667
R_D-Methionine,21.947873799725667
R_Peptide,21.947873799725667
R_Cobalt_ion,21.947873799725667
R_N-Acetyl-D-glucosamine,21.947873799725667
R_D-Fructose2,21.947873799725667
R_Spinosad,0.0
R_NH3,21.947873799725567
R_H2O,21.947873799725638
R_Oxygen,15.56420233463031
R_CO2,19.45525291828802
R_Formate,21.930222020842667
R_Salicyl_alcohol,21.94787379972567
R_Glycolate,21.947873799725638
R_Acetaldehyde,21.33988821217758
R_L-Citrulline,21.947873799725603
R_Formylanthranilate,21.871202916160343
R_Glycerol,21.947873799725638
R_Glycerone,21.947873799725627
R_Guanine,21.69220807252319
R_Hypoxanthine,21.69220807252315
R_D-Glyceraldehyde,21.947873799725613
R_Urea,21.947873799725645
R_Xanthine,21.855188521855208
R_Acetate,21.947873799725652
R_Adenine,21.947873799725627
R_Adenosine,21.947873799725617
R_2-Oxoglutarate,21.815175221013842
R_L-Aspartate,21.86681124062526
R_Citrate,21.789369428854382
R_Cytidine,21.947873799724963
R_Cytosine,21.947873799725627
R_Deoxyadenosine,21.947873799725627
R_D-Alanine,20.19685542630705
R_Deoxycytidine,21.947873799725592
R_Deoxyguanosine,21.69220807252317
R_Deoxyinosine,21.94787379972565
R_D-Serine,21.947873799725592
R_Thymidine,21.947873799725592
R_Deoxyuridine,21.947873799725592
R_Ethanol,21.482044049039814
R_Fumarate,21.94787379972561
R_4-Aminobutanoate,21.947873799725574
R_D-Galactose,21.94787379972567
R_L-Glutamate2,21.94787379972567
R_D-Glucose,21.94787379972567
R_D-Gluconic_acid,20.83038118180531
R_Glycine,21.94787379972571
R_Guanosine,21.947873799725617
R_L-Histidine2,21.947873799725617
R_L-Isoleucine2,21.947873799725617
R_Inosine,21.947873799725617
R_2-Dehydro-3-deoxy-D-gluconate,21.252796420581628
R_(R)-Lactate,21.947873799725638
R_L-Leucine2,21.94787379972562
R_(S)-Lactate,21.94787379972562
R_L-Lysine,21.94787379972562
R_(S)-Malate,21.620271910866958
R_Melibiose,21.318931210915267
R_L-Phenylalanine,21.947873799725638
R_Orthophosphate2,20.997375328083958
R_L-Proline2,21.815175221013803
R_Propanoate,8.84434626899565e-15
R_Pyruvate,19.047619047619
R_L-Rhamnose,21.947873799725542
R_L-Serine,20.88772845952998
R_Succinate,21.692208072523236
R_L-Threonine2,21.836622703275474
R_L-Tryptophan,21.94787379972561
R_Uracil,21.94787379972565
R_Uridine,21.947873799725638
R_L-Valine2,21.947873799725638
EX_C00245_e,21.947873799725638
EX_C06232_e,21.947873799725638
EX_C14819_e,21.947873799725638
EX_C00378_e,21.947873799725638
EX_C00719_e,21.947873799725638
EX_C00114_e,21.947873799725638
EX_C00919_e,21.947873799725638
EX_C00059_e,-8.741731424687433e-15
EX_C00244_e,21.947873799725574
EX_C00487_e,21.947873799725635
EX_C00208_e,21.947873799725635
EX_C00794_e,21.947873799725635
EX_C00392_e,21.947873799725635
EX_C00185_e,21.947873799725635
EX_C00121_e,21.947873799725635
EX_C01153_e,21.947873799725635
EX_C00025_e,21.947873799725635
EX_C00855_e,21.947873799725635
EX_C00012_e,21.947873799725635
EX_C00175_e,21.947873799725635
EX_C00140_e,21.947873799725635
EX_C00095_e,21.947873799725635
EX_C_Spinosad_e,0.0
EX_C00014_e,21.94787379972558
EX_C00001_e,21.947873799725613
EX_C00007_e,15.564202334630378
EX_C00011_e,19.04761904761902
EX_C00058_e,21.930222020842738
EX_C02323_e,21.947873799725638
EX_C00160_e,21.947873799725638
EX_C00084_e,21.339888212177602
EX_C00327_e,21.94787379972561
EX_C00067_e,21.871202916160346
EX_C00116_e,21.94787379972567
EX_C00184_e,21.94787379972566
EX_C00242_e,21.692208072523208
EX_C00262_e,21.692208072523126
EX_C00577_e,21.94787379972562
EX_C00086_e,21.947873799725613
EX_C00385_e,21.855188521855162
EX_C00033_e,21.947873799725627
EX_C00147_e,21.947873799725592
EX_C00212_e,21.947873799725638
EX_C00026_e,21.815175221013803
EX_C00049_e,21.866811240625257
EX_C00158_e,21.789369428854382
EX_C00475_e,21.947873799725645
EX_C00380_e,21.947873799725674
EX_C00559_e,21.947873799725674
EX_C00133_e,20.196855426307064
EX_C00881_e,21.947873799725635
EX_C00330_e,21.692208072523204
EX_C05512_e,21.947873799725635
EX_C00740_e,21.947873799725635
EX_C00214_e,21.947873799725635
EX_C00526_e,21.947873799725627
EX_C00469_e,21.482044049039743
EX_C00122_e,21.94787379972567
EX_C00334_e,21.947873799725656
EX_C00124_e,21.947873799725635
EX_C00064_e,21.947873799725635
EX_C00031_e,21.947873799725635
EX_C00257_e,20.83038118180527
EX_C00037_e,21.947873799725606
EX_C00387_e,21.94787379972561
EX_C00135_e,21.94787379972561
EX_C00407_e,21.94787379972561
EX_C00294_e,21.94787379972561
EX_C00204_e,21.25279642058163
EX_C00256_e,21.947873799725635
EX_C00123_e,21.947873799725656
EX_C00186_e,21.947873799725656
EX_C00047_e,21.947873799725656
EX_C00149_e,21.62027191086698
EX_C05402_e,21.318931210915228
EX_C00079_e,21.947873799725638
EX_C00009_e,20.997375328083983
EX_C00148_e,21.815175221013213
EX_C00163_e,-2.4566825722608006e-14
EX_C00022_e,19.047619047619115
EX_C00507_e,21.947873799725627
EX_C00065_e,20.887728459529995
EX_C00042_e,21.692208072523194
EX_C00188_e,21.836622703275456
EX_C00078_e,21.947873799725652
EX_C00106_e,21.947873799725635
EX_C00105_e,21.947873799725635
EX_C00183_e,21.947873799725635
EX_C00080_e,20.270270270270256
EX_C00288_e,19.45525291828794
EX_C_H_e,20.57613168724281
