,ids,growth,status
0,{'EX_C00577_e'},21.947873799725638,optimal
1,{'R_L-Threonine1'},21.947873799725638,optimal
2,{'R02060'},21.947873799725638,optimal
3,{'R02291'},21.947873799725638,optimal
4,{'R08161'},21.947873799725638,optimal
5,{'R02382'},21.947873799725638,optimal
6,{'R04559'},21.947873799725638,optimal
7,{'R00472'},21.947873799725638,optimal
8,{'R08244'},21.947873799725638,optimal
9,{'EX_C00526_e'},21.94787379972559,optimal
10,{'R08340'},21.947873799725617,optimal
11,{'R02272'},21.947873799725617,optimal
12,{'R08227'},21.947873799725617,optimal
13,{'R05509'},21.947873799725617,optimal
14,{'R01857'},21.947873799725617,optimal
15,{'R06895'},21.947873799725617,optimal
16,{'R04065'},21.947873799725617,optimal
17,{'R00568'},21.947873799725617,optimal
18,{'R09222'},21.947873799725617,optimal
19,{'EX_C00001_e'},21.947873799725617,optimal
20,{'EX_C00257_e'},20.830381181805294,optimal
21,{'R06971'},21.947873799725656,optimal
22,{'R09083'},21.947873799725638,optimal
23,{'R_Fe3+'},21.947873799725638,optimal
24,{'R00922'},21.947873799725638,optimal
25,{'R03193'},21.947873799725638,optimal
26,{'R00670'},21.947873799725638,optimal
27,{'R03045'},21.947873799725638,optimal
28,{'R_FAD'},19.45525291828792,optimal
29,{'R00209'},21.947873799725475,optimal
30,{'R04944'},21.947873799725613,optimal
31,{'R01954'},21.947873799725613,optimal
32,{'R00137'},21.947873799725613,optimal
33,{'R02649'},21.947873799725613,optimal
34,{'R01492'},21.947873799725613,optimal
35,{'R03869'},21.947873799725613,optimal
36,{'R04738'},21.947873799725613,optimal
37,{'R01664'},21.947873799725613,optimal
38,{'R05030'},21.947873799725613,optimal
39,{'R03035'},1.2634604494456778e-14,optimal
40,{'R03055'},21.947873799725418,optimal
41,{'R_Glycolate'},21.947873799725656,optimal
42,{'R01334'},21.947873799725656,optimal
43,{'R_Uridine'},21.947873799725656,optimal
44,{'R08250'},21.947873799725656,optimal
45,{'R02984'},21.947873799725656,optimal
46,{'R03222'},21.947873799725656,optimal
47,{'R02292'},21.947873799725656,optimal
48,{'R00424'},21.947873799725656,optimal
49,{'R04954'},21.947873799725656,optimal
50,{'R05810'},21.947873799725656,optimal
51,{'R03387'},21.947873799725656,optimal
52,{'R07051'},21.947873799725656,optimal
53,{'R04844'},21.947873799725656,optimal
54,{'R01394'},21.947873799725656,optimal
55,{'R01770'},21.947873799725656,optimal
56,{'EX_C00469_e'},21.48204404903976,optimal
57,{'R08270'},21.947873799725617,optimal
58,{'R08734'},21.947873799725585,optimal
59,{'R00118'},21.947873799725585,optimal
60,{'R02840'},21.947873799725585,optimal
61,{'EX_C00380_e'},21.947873799725585,optimal
62,{'R02869'},21.947873799725585,optimal
63,{'R02295'},21.947873799725585,optimal
64,{'R_Ethanol'},21.482044049039704,optimal
65,{'R02091'},21.947873799725617,optimal
66,{'R08268'},21.94787379972561,optimal
67,{'R08114'},21.94787379972561,optimal
68,{'EX_C00487_e'},21.94787379972561,optimal
69,{'R02545'},21.94787379972561,optimal
70,{'R02262'},21.94787379972561,optimal
71,{'EX_C00140_e'},21.94787379972561,optimal
72,{'R00089'},21.94787379972561,optimal
73,{'R00005'},21.94787379972561,optimal
74,{'R00970'},21.94787379972561,optimal
75,{'R00354'},21.94787379972561,optimal
76,{'R04558'},21.94787379972561,optimal
77,{'R_Phosphatidylserine'},21.94787379972561,optimal
78,{'R04208'},21.94787379972561,optimal
79,{'R08100'},21.94787379972561,optimal
80,{'R03884'},21.94787379972561,optimal
81,{'R05510'},21.94787379972561,optimal
82,{'R_Acetaldehyde'},21.33988821217775,optimal
83,{'R_Acetate'},21.94787379972565,optimal
84,{'R04907'},21.947873799725656,optimal
85,{'R05284'},21.947873799725656,optimal
86,{'R04544'},21.947873799725656,optimal
87,{'R04890'},21.947873799725656,optimal
88,{'R05808'},21.947873799725656,optimal
89,{'R01549'},21.947873799725656,optimal
90,{'R02472'},4.774075123897048e-14,optimal
91,{'R07773'},21.947873799725617,optimal
92,{'R_C170ACP'},21.947873799725695,optimal
93,{'R01931'},21.947873799725695,optimal
94,{'R_Guanine'},21.692208072523176,optimal
95,{'R04257'},21.94787379972565,optimal
96,{'R00955'},21.282633371169155,optimal
97,{'R00789'},21.947873799725652,optimal
98,{'R02485'},21.94787379972567,optimal
99,{'R06990'},21.94787379972567,optimal
100,{'R04405'},21.94787379972567,optimal
101,{'R07112'},21.94787379972567,optimal
102,{'R07896'},21.94787379972567,optimal
103,{'R03408'},21.94787379972567,optimal
104,{'R00713'},21.94787379972559,optimal
105,{'R00471'},21.94787379972567,optimal
106,{'R05615'},21.94787379972567,optimal
107,{'R04847'},21.94787379972567,optimal
108,{'R04640'},21.94787379972567,optimal
109,{'R07970'},21.94787379972567,optimal
110,{'R02912'},21.94787379972567,optimal
111,{'R02933'},21.94787379972567,optimal
112,{'R02323'},21.94787379972567,optimal
113,{'R07027'},21.94787379972567,optimal
114,{'R05133'},21.94787379972567,optimal
115,{'EX_C00086_e'},21.94787379972567,optimal
116,{'R01933'},21.94787379972567,optimal
117,{'R00022'},21.94787379972567,optimal
118,{'R01293'},21.94787379972567,optimal
119,{'R07071'},21.94787379972567,optimal
120,{'R02752'},21.94787379972567,optimal
121,{'R08258'},21.94787379972567,optimal
122,{'R02371'},21.94787379972567,optimal
123,{'R04929'},21.94787379972567,optimal
124,{'EX_C00919_e'},21.94787379972567,optimal
125,{'R05134'},21.94787379972567,optimal
126,{'EX_C00245_e'},21.94787379972567,optimal
127,{'R08256'},21.94787379972567,optimal
128,{'R02719'},21.94787379972567,optimal
129,{'R06989'},21.94787379972567,optimal
130,{'R02536'},21.94787379972567,optimal
131,{'R01248'},21.815175221013803,optimal
132,{'R01466'},21.947873799725635,optimal
133,{'R05150'},21.947873799725627,optimal
134,{'R07020'},21.947873799725627,optimal
135,{'EX_C00026_e'},21.815175221013796,optimal
136,{'R01978'},21.947873799725638,optimal
137,{'R04953'},21.947873799725635,optimal
138,{'R07972'},21.947873799725635,optimal
139,{'R01137'},21.947873799725635,optimal
140,{'R03595'},21.947873799725635,optimal
141,{'R06400'},21.947873799725635,optimal
142,{'R07405'},21.947873799725635,optimal
143,{'R08101'},21.947873799725635,optimal
144,{'R08343'},21.947873799725635,optimal
145,{'R09129'},21.947873799725635,optimal
146,{'EX_C00184_e'},21.947873799725635,optimal
147,{'R08855'},21.947873799725635,optimal
148,{'R09195'},21.947873799725635,optimal
149,{'R01011'},21.947873799725635,optimal
150,{'R00434'},21.947873799725635,optimal
151,{'R02678'},21.947873799725635,optimal
152,{'R04457'},21.947873799725635,optimal
153,{'R03509'},21.947873799725635,optimal
154,{'R00586'},21.926151503616275,optimal
155,{'R04737'},21.947873799725595,optimal
156,{'R03283'},21.947873799725627,optimal
157,{'R02147'},21.947873799725627,optimal
158,{'R_D-Alanine'},20.196855426306715,optimal
159,{'R04030'},21.94787379972566,optimal
160,{'R00658'},16.260162601625883,optimal
161,{'R07087'},21.94787379972563,optimal
162,{'EX_C00025_e'},21.94787379972562,optimal
163,{'R03157'},21.94787379972562,optimal
164,{'R09177'},21.947873799725638,optimal
165,{'R05069'},21.947873799725638,optimal
166,{'R02096'},21.947873799725638,optimal
167,{'R_L-Isoleucine2'},21.947873799725638,optimal
168,{'R00987'},21.947873799725638,optimal
169,{'R01512'},16.26016260162599,optimal
170,{'R01354'},21.94787379972563,optimal
171,{'R04112'},21.94787379972562,optimal
172,{'R05731'},21.94787379972562,optimal
173,{'R04001'},21.94787379972562,optimal
174,{'R07016'},21.94787379972562,optimal
175,{'R03508'},21.94787379972562,optimal
176,{'R07839'},21.94787379972562,optimal
177,{'R08503'},21.94787379972562,optimal
178,{'R06941'},21.94787379972562,optimal
179,{'R05661'},21.94787379972562,optimal
180,{'R00935'},21.94787379972562,optimal
181,{'R00200'},21.94787379972562,optimal
182,{'R04964'},21.94787379972563,optimal
183,{'R01126'},21.94787379972563,optimal
184,{'R00662'},21.94787379972563,optimal
185,{'R00344'},16.26016260162603,optimal
186,{'R07075'},21.94787379972546,optimal
187,{'R08091'},21.947873799725635,optimal
188,{'R08180'},21.947873799725635,optimal
189,{'R00519'},21.947873799725635,optimal
190,{'R08092'},21.947873799725635,optimal
191,{'R04749'},21.947873799725635,optimal
192,{'R03893'},21.947873799725635,optimal
193,{'R02722'},21.947873799725635,optimal
194,{'R04734'},21.947873799725635,optimal
195,{'R00130'},-2.7312930609975902e-14,optimal
196,{'R05238'},21.947873799725635,optimal
197,{'R02814'},21.830394626364363,optimal
198,{'R01799'},21.947873799725656,optimal
199,{'R05086'},21.94787379972564,optimal
200,{'R03089'},21.94787379972564,optimal
201,{'R07764'},21.94787379972564,optimal
202,{'R03051'},21.947873799725645,optimal
203,{'EX_C00064_e'},21.947873799725595,optimal
204,{'R02404'},21.947873799725595,optimal
205,{'R00278'},21.947873799725595,optimal
206,{'R00742'},21.947873799725595,optimal
207,{'R01087'},21.947873799725595,optimal
208,{'EX_C00262_e'},21.692208072523428,optimal
209,{'R05224'},21.947873799725635,optimal
210,{'R04355'},21.94787379972562,optimal
211,{'R07014'},21.94787379972562,optimal
212,{'R00946'},1.3430332619752289e-14,optimal
213,{'R07889'},21.94787379972548,optimal
214,{'R07023'},21.94787379972562,optimal
215,{'R01273'},21.94787379972562,optimal
216,{'EX_C00794_e'},21.94787379972562,optimal
217,{'R03209'},21.94787379972562,optimal
218,{'R06979'},21.94787379972562,optimal
219,{'R04573'},21.94787379972562,optimal
220,{'R06406'},21.94787379972562,optimal
221,{'R04928'},21.94787379972562,optimal
222,{'EX_C00147_e'},21.947873799725585,optimal
223,{'R03991'},21.94787379972564,optimal
224,{'EX_C00208_e'},21.94787379972564,optimal
225,{'R01942'},21.94787379972564,optimal
226,{'R00156'},21.828103683492458,optimal
227,{'R07083'},21.94787379972567,optimal
228,{'R02035'},20.40544145105379,optimal
229,{'R02788'},21.94787379972565,optimal
230,{'R_L-Histidine1'},21.94787379972561,optimal
231,{'R05593'},21.94787379972561,optimal
232,{'R01686'},21.94787379972561,optimal
233,{'R05664'},21.94787379972561,optimal
234,{'R_Cell'},21.94787379972561,optimal
235,{'R_(R)-Lactate'},21.94787379972561,optimal
236,{'R04968'},21.94787379972561,optimal
237,{'R02532'},21.94787379972561,optimal
238,{'R03968'},21.94787379972561,optimal
239,{'R02036'},21.94787379972561,optimal
240,{'R_Choline'},21.94787379972561,optimal
241,{'R00372'},21.947873799725627,optimal
242,{'R00429'},21.947873799725595,optimal
243,{'R06908'},21.947873799725595,optimal
244,{'R03751'},21.947873799725595,optimal
245,{'R07675'},21.947873799725595,optimal
246,{'R03990'},21.947873799725638,optimal
247,{'R04960'},21.947873799725638,optimal
248,{'R04885'},21.947873799725638,optimal
249,{'R03065'},21.947873799725638,optimal
250,{'R01158'},21.947873799725638,optimal
251,{'R07665'},21.947873799725638,optimal
252,{'R05654'},21.947873799725638,optimal
253,{'R07710'},21.947873799725638,optimal
254,{'R00756'},21.947873799725638,optimal
255,{'R08272'},21.947873799725638,optimal
256,{'R00066'},21.947873799725638,optimal
257,{'R01290'},21.947873799725638,optimal
258,{'R04035'},21.947873799725638,optimal
259,{'R05452'},21.947873799725638,optimal
260,{'R04834'},21.947873799725638,optimal
261,{'R_L-Valine2'},21.947873799725638,optimal
262,{'R01528'},21.947873799725638,optimal
263,{'R01715'},21.947873799725638,optimal
264,{'R07762'},21.947873799725638,optimal
265,{'R_Cytidine'},21.947873799725638,optimal
266,{'R06171'},21.947873799725638,optimal
267,{'R05553'},21.947873799725638,optimal
268,{'R04150'},21.947873799725638,optimal
269,{'R02288'},21.947873799725638,optimal
270,{'R01083'},21.947873799725638,optimal
271,{'R02173'},21.947873799725638,optimal
272,{'R03223'},21.947873799725638,optimal
273,{'R08097'},21.947873799725638,optimal
274,{'R06917'},21.947873799725638,optimal
275,{'EX_C00186_e'},21.947873799725638,optimal
276,{'R02454'},21.947873799725638,optimal
277,{'EX_C00080_e'},20.270270270270256,optimal
278,{'R05640'},21.94787379972563,optimal
279,{'R08222'},21.947873799725645,optimal
280,{'R01255'},21.947873799725645,optimal
281,{'R01969'},21.69220807252322,optimal
282,{'R04831'},21.947873799725656,optimal
283,{'R00722'},21.94787379972564,optimal
284,{'R08159'},21.94787379972564,optimal
285,{'R07954'},21.94787379972564,optimal
286,{'R04534'},21.94787379972564,optimal
287,{'R05265'},21.94787379972564,optimal
288,{'R08176'},21.830394626364377,optimal
289,{'R06916'},21.947873799725595,optimal
290,{'R03067'},21.94787379972565,optimal
291,{'R07058'},21.94787379972565,optimal
292,{'R_Sulfate'},8.42489540135087e-15,optimal
293,{'R03896'},21.947873799725667,optimal
294,{'R06428'},8.893657113013983e-15,optimal
295,{'R08285'},21.947873799725595,optimal
296,{'R08267'},21.94787379972563,optimal
297,{'R07056'},21.94787379972563,optimal
298,{'R_L-Proline1'},21.94787379972563,optimal
299,{'R03313'},21.94787379972563,optimal
300,{'R01104'},21.94787379972563,optimal
301,{'R02484'},21.947873799725578,optimal
302,{'R03192'},21.947873799725695,optimal
303,{'R01068'},21.947873799725695,optimal
304,{'R07961'},21.947873799725695,optimal
305,{'R02701'},21.947873799725695,optimal
306,{'R01030'},21.947873799725695,optimal
307,{'R04509'},21.947873799725695,optimal
308,{'R01867'},21.947873799725695,optimal
309,{'R00127'},21.94787379972571,optimal
310,{'R05372'},21.947873799725546,optimal
311,{'R05823'},21.947873799725546,optimal
312,{'R02377'},21.947873799725546,optimal
313,{'R07044'},21.947873799725546,optimal
314,{'R08221'},21.947873799725546,optimal
315,{'R06944'},21.947873799725546,optimal
316,{'R08162'},21.947873799725546,optimal
317,{'EX_C00294_e'},21.94787379972559,optimal
318,{'R05653'},21.947873799725674,optimal
319,{'R03105'},21.947873799725674,optimal
320,{'R03096'},21.947873799725674,optimal
321,{'R08269'},21.947873799725674,optimal
322,{'EX_C00719_e'},21.947873799725674,optimal
323,{'R04172'},21.947873799725674,optimal
324,{'R03018'},1.1765178842065192e-14,optimal
325,{'R02520'},21.947873799725507,optimal
326,{'R00801'},21.947873799725578,optimal
327,{'R01717'},21.947873799725578,optimal
328,{'R00994'},21.947873799725638,optimal
329,{'R00694'},21.947873799725638,optimal
330,{'R07324'},21.947873799725638,optimal
331,{'R04439'},21.947873799725638,optimal
332,{'R00551'},21.947873799725638,optimal
333,{'EX_C00163_e'},-1.4966178255295027e-14,optimal
334,{'R07965'},21.947873799725876,optimal
335,{'R08326'},21.947873799725656,optimal
336,{'R03293'},21.947873799725656,optimal
337,{'R04724'},21.947873799725656,optimal
338,{'R03824'},21.947873799725656,optimal
339,{'R02748'},21.947873799725638,optimal
340,{'R08313'},21.947873799725627,optimal
341,{'R04783'},21.947873799725627,optimal
342,{'R00602'},21.947873799725627,optimal
343,{'R_N-Acetyl-D-glucosamine'},21.947873799725638,optimal
344,{'R07219'},21.947873799725638,optimal
345,{'R07627'},21.947873799725638,optimal
346,{'R_C150ACP'},21.947873799725638,optimal
347,{'R08303'},21.947873799725638,optimal
348,{'R07098'},21.947873799725638,optimal
349,{'EX_C00327_e'},21.947873799725638,optimal
350,{'R06783'},21.947873799725638,optimal
351,{'R01086'},21.947873799725638,optimal
352,{'R01329'},21.947873799725638,optimal
353,{'R00416'},21.947873799725638,optimal
354,{'R03632'},21.947873799725638,optimal
355,{'EX_C00095_e'},21.947873799725638,optimal
356,{'EX_C00059_e'},-6.380420352087427e-15,optimal
357,{'R04741'},21.94787379972565,optimal
358,{'R03084'},21.94787379972562,optimal
359,{'R05225'},21.94787379972562,optimal
360,{'R07080'},21.94787379972562,optimal
361,{'R_Propanoate'},7.072256358369816e-14,optimal
362,{'R01419'},21.94787379972565,optimal
363,{'R01397'},21.947873799725674,optimal
364,{'R00245'},21.947873799725674,optimal
365,{'EX_C00334_e'},21.947873799725592,optimal
366,{'R08036'},21.947873799725723,optimal
367,{'R08391'},21.947873799725723,optimal
368,{'R01183'},21.947873799725723,optimal
369,{'R02778'},21.947873799725723,optimal
370,{'EX_C00014_e'},21.947873799725723,optimal
371,{'R02894'},21.947873799725723,optimal
372,{'R02644'},21.947873799725723,optimal
373,{'R01366'},21.947873799725723,optimal
374,{'R02282'},21.947873799725723,optimal
375,{'R00197'},21.947873799725723,optimal
376,{'R00457'},21.947873799725723,optimal
377,{'R_2-Oxoglutarate'},21.815175221013924,optimal
378,{'R05706'},21.94787379972562,optimal
379,{'R06568'},21.94787379972564,optimal
380,{'R06731'},21.94787379972564,optimal
381,{'R00351'},21.78936942885439,optimal
382,{'R08637'},21.94787379972562,optimal
383,{'R06286'},21.947873799725638,optimal
384,{'R00573'},21.947873799725638,optimal
385,{'R04533'},21.947873799725638,optimal
386,{'R00260'},21.947873799725638,optimal
387,{'R00999'},21.947873799725638,optimal
388,{'R02908'},21.947873799725638,optimal
389,{'R02855'},21.947873799725638,optimal
390,{'R03346'},21.947873799725638,optimal
391,{'R08359'},21.947873799725638,optimal
392,{'R01983'},21.947873799725638,optimal
393,{'R04306'},21.947873799725638,optimal
394,{'R08178'},21.947873799725638,optimal
395,{'R01677'},21.947873799725638,optimal
396,{'R08198'},21.947873799725638,optimal
397,{'R01504'},21.947873799725638,optimal
398,{'R00856'},21.947873799725638,optimal
399,{'R04318'},21.947873799725638,optimal
400,{'R06436'},21.947873799725638,optimal
401,{'R08116'},21.947873799725638,optimal
402,{'R_Peptide'},21.947873799725638,optimal
403,{'R00699'},21.947873799725638,optimal
404,{'R01194'},21.947873799725638,optimal
405,{'R05420'},21.947873799725638,optimal
406,{'R02301'},21.947873799725638,optimal
407,{'R00895'},21.947873799725638,optimal
408,{'EX_C00031_e'},21.947873799725638,optimal
409,{'R00926'},21.947873799725638,optimal
410,{'R03291'},21.947873799725638,optimal
411,{'R05341'},21.947873799725638,optimal
412,{'R05763'},21.947873799725638,optimal
413,{'R03774'},21.947873799725638,optimal
414,{'R00369'},21.947873799725638,optimal
415,{'R08286'},21.947873799725638,optimal
416,{'R00707'},21.815175221013753,optimal
417,{'R05198'},21.947873799725606,optimal
418,{'R_TAG'},21.947873799725635,optimal
419,{'EX_C00244_e'},21.947873799725635,optimal
420,{'R02088'},21.947873799725635,optimal
421,{'R03119'},21.947873799725635,optimal
422,{'R01186'},21.947873799725635,optimal
423,{'R01518'},16.26016260162596,optimal
424,{'R04378'},21.947873799725674,optimal
425,{'R06412'},21.947873799725638,optimal
426,{'R00943'},21.947873799725638,optimal
427,{'R04095'},21.947873799725638,optimal
428,{'R08237'},21.947873799725638,optimal
429,{'R06859'},21.947873799725638,optimal
430,{'R00264'},21.947873799725638,optimal
431,{'R02354'},21.947873799725638,optimal
432,{'R01056'},21.947873799725638,optimal
433,{'R06513'},1.3443496609593029e-14,optimal
434,{'R01209'},21.947873799725627,optimal
435,{'R04963'},21.947873799725613,optimal
436,{'R02957'},21.947873799725613,optimal
437,{'EX_C00106_e'},21.94787379972561,optimal
438,{'R04014'},21.947873799725635,optimal
439,{'R_Deoxyinosine'},21.947873799725638,optimal
440,{'R02457'},21.94787379972564,optimal
441,{'R04173'},21.94787379972564,optimal
442,{'R01541'},21.252796420581625,optimal
443,{'R02356'},21.94787379972564,optimal
444,{'EX_C00385_e'},21.855188521855144,optimal
445,{'R04475'},21.947873799725635,optimal
446,{'R_Choline_sulfate'},21.947873799725617,optimal
447,{'R01100'},21.947873799725617,optimal
448,{'R00927'},21.947873799725617,optimal
449,{'R01157'},21.947873799725617,optimal
450,{'R02332'},21.947873799725617,optimal
451,{'R_L-Proline2'},21.815175221013764,optimal
452,{'R04536'},21.947873799725635,optimal
453,{'R08248'},21.947873799725635,optimal
454,{'R00217'},21.947873799725635,optimal
455,{'R01548'},21.947873799725635,optimal
456,{'EX_C00559_e'},21.947873799725635,optimal
457,{'R08243'},21.947873799725667,optimal
458,{'R06411'},21.947873799725667,optimal
459,{'R02100'},21.947873799725667,optimal
460,{'R07960'},21.947873799725667,optimal
461,{'R08220'},21.947873799725667,optimal
462,{'R01103'},21.947873799725667,optimal
463,{'R08182'},21.947873799725667,optimal
464,{'EX_C00007_e'},15.564202334630368,optimal
465,{'R03088'},21.947873799725652,optimal
466,{'R07353'},21.947873799725592,optimal
467,{'R09220'},21.947873799725592,optimal
468,{'R00767'},21.947873799725592,optimal
469,{'R06728'},21.947873799725592,optimal
470,{'R02919'},21.947873799725592,optimal
471,{'R07105'},21.947873799725592,optimal
472,{'R04903'},21.947873799725592,optimal
473,{'R04930'},21.947873799725592,optimal
474,{'R_L-Isoleucine1'},21.947873799725592,optimal
475,{'R01855'},21.947873799725592,optimal
476,{'R06936'},21.947873799725592,optimal
477,{'R08108'},21.947873799725592,optimal
478,{'R08549'},21.947873799725592,optimal
479,{'R03845'},21.947873799725592,optimal
480,{'R03549'},21.947873799725592,optimal
481,{'R08310'},21.947873799725592,optimal
482,{'R03237'},21.947873799725592,optimal
483,{'R07964'},21.947873799725592,optimal
484,{'R07400'},21.947873799725592,optimal
485,{'R03234'},21.947873799725592,optimal
486,{'R_L-Valine1'},21.947873799725592,optimal
487,{'R01051'},21.947873799725592,optimal
488,{'R02858'},21.947873799725592,optimal
489,{'R01631'},21.947873799725592,optimal
490,{'R00505'},21.947873799725592,optimal
491,{'R07706'},21.947873799725592,optimal
492,{'R05050'},21.947873799725592,optimal
493,{'R01737'},20.830381181805027,optimal
494,{'R07934'},21.947873799725592,optimal
495,{'R01064'},21.94787379972565,optimal
496,{'EX_C00009_e'},20.99737532808351,optimal
497,{'R00588'},21.94787379972562,optimal
498,{'R07268'},21.947873799725638,optimal
499,{'R00289'},0.0,optimal
500,{'R05223'},21.94787379972567,optimal
501,{'R08312'},21.947873799725713,optimal
502,{'R02926'},21.947873799725713,optimal
503,{'R00660'},21.947873799725713,optimal
504,{'R00762'},21.947873799725713,optimal
505,{'R00891'},21.947873799725713,optimal
506,{'R_Guanosine'},21.947873799725713,optimal
507,{'R00765'},21.947873799725638,optimal
508,{'R_Oxygen'},15.564202334630307,optimal
509,{'R08175'},21.94787379972571,optimal
510,{'R08287'},21.947873799725667,optimal
511,{'R00357'},21.947873799725667,optimal
512,{'R01818'},21.947873799725667,optimal
513,{'R07022'},21.947873799725667,optimal
514,{'EX_C00160_e'},21.947873799725667,optimal
515,{'R07973'},21.947873799725667,optimal
516,{'R04203'},21.947873799725667,optimal
517,{'R05681'},21.947873799725667,optimal
518,{'R_Carnitine'},21.947873799725667,optimal
519,{'R05448'},21.947873799725667,optimal
520,{'R02508'},21.947873799725667,optimal
521,{'R01015'},21.947873799725667,optimal
522,{'R_Formylanthranilate'},21.871202916160396,optimal
523,{'R05837'},21.94787379972562,optimal
524,{'R_Cardiolipin'},21.94787379972564,optimal
525,{'R01482'},21.94787379972564,optimal
526,{'R07916'},21.94787379972564,optimal
527,{'R07687'},21.94787379972564,optimal
528,{'R_L-Tryptophan'},21.94787379972564,optimal
529,{'R01092'},21.28263337116913,optimal
530,{'R07066'},21.947873799725638,optimal
531,{'R00965'},21.947873799725652,optimal
532,{'R04726'},21.947873799725652,optimal
533,{'R00426'},21.947873799725652,optimal
534,{'R05286'},21.947873799725652,optimal
535,{'R00238'},21.947873799725652,optimal
536,{'R00512'},21.947873799725652,optimal
537,{'R01353'},21.709633649932158,optimal
538,{'R07891'},21.94787379972566,optimal
539,{'R05506'},21.947873799725635,optimal
540,{'R04026'},21.947873799725635,optimal
541,{'R00769'},21.947873799725635,optimal
542,{'R03231'},21.947873799725635,optimal
543,{'R_Peptidoglycan'},21.947873799725635,optimal
544,{'R06883'},21.947873799725635,optimal
545,{'R07100'},21.947873799725635,optimal
546,{'R04746'},21.947873799725635,optimal
547,{'R01639'},21.947873799725635,optimal
548,{'R04952'},21.947873799725635,optimal
549,{'R_L-Lysine'},21.947873799725635,optimal
550,{'R00571'},21.947873799725635,optimal
551,{'R06978'},21.947873799725635,optimal
552,{'R06529'},21.947873799725635,optimal
553,{'R04566'},21.947873799725635,optimal
554,{'R00985'},21.947873799725635,optimal
555,{'R04771'},21.947873799725635,optimal
556,{'R00986'},21.947873799725635,optimal
557,{'R05605'},20.83981337480554,optimal
558,{'R01230'},21.94787379972581,optimal
559,{'EX_C00148_e'},21.815175221013806,optimal
560,{'R02557'},21.947873799725635,optimal
561,{'R00942'},21.94787379972563,optimal
562,{'R06514'},21.94787379972563,optimal
563,{'R_L-Leucine2'},21.94787379972563,optimal
564,{'R07054'},21.94787379972563,optimal
565,{'R_Orthophosphoric_monoester'},21.94787379972563,optimal
566,{'R04946'},21.94787379972563,optimal
567,{'R08174'},21.830394626364374,optimal
568,{'R01072'},21.947873799725638,optimal
569,{'R02097'},21.94787379972566,optimal
570,{'R07892'},21.94787379972566,optimal
571,{'R06397'},21.94787379972566,optimal
572,{'R01150'},21.94787379972566,optimal
573,{'R04537'},21.94787379972566,optimal
574,{'R04747'},21.94787379972566,optimal
575,{'R08575'},21.94787379972566,optimal
576,{'R00896'},21.94787379972566,optimal
577,{'R02422'},21.94787379972566,optimal
578,{'R04754'},21.94787379972566,optimal
579,{'R04751'},21.94787379972566,optimal
580,{'R01859'},21.94787379972566,optimal
581,{'R08050'},21.94787379972566,optimal
582,{'R05180'},21.94787379972566,optimal
583,{'R04049'},21.94787379972566,optimal
584,{'R09107'},21.94787379972566,optimal
585,{'R00489'},-3.3001397135486714e-14,optimal
586,{'R07188'},21.947873799725524,optimal
587,{'R00185'},18.66977829638279,optimal
588,{'R03145'},21.915271240064786,optimal
589,{'R05274'},21.94787379972561,optimal
590,{'EX_C00158_e'},21.78936942885437,optimal
591,{'R07113'},21.947873799725322,optimal
592,{'R00293'},-7.216200780522846e-14,optimal
593,{'R05621'},21.947873799726,optimal
594,{'R_Formate'},21.930222020842773,optimal
595,{'R01373'},21.947873799725592,optimal
596,{'R00770'},21.94787379972554,optimal
597,{'R06787'},21.94787379972554,optimal
598,{'R00552'},21.94787379972554,optimal
599,{'R08209'},21.94787379972554,optimal
600,{'R08528'},21.94787379972554,optimal
601,{'R00132'},21.94787379972554,optimal
602,{'EX_C00121_e'},21.94787379972554,optimal
603,{'R08342'},21.94787379972554,optimal
604,{'R07560'},21.94787379972554,optimal
605,{'R04805'},21.94787379972554,optimal
606,{'R00517'},21.94787379972554,optimal
607,{'R02487'},21.94787379972554,optimal
608,{'R06589'},21.94787379972554,optimal
609,{'R02782'},21.94787379972554,optimal
610,{'R04420'},21.94787379972554,optimal
611,{'R05051'},21.94787379972554,optimal
612,{'R07392'},21.94787379972554,optimal
613,{'R04909'},21.94787379972554,optimal
614,{'R07989'},21.94787379972554,optimal
615,{'R02425'},21.94787379972554,optimal
616,{'R07024'},21.94787379972554,optimal
617,{'R00671'},21.94787379972554,optimal
618,{'R_Adenine'},21.947873799725553,optimal
619,{'R01185'},21.947873799725635,optimal
620,{'R00744'},21.947873799725635,optimal
621,{'R00904'},21.947873799725635,optimal
622,{'R_L-Citrulline'},21.947873799725635,optimal
623,{'R04972'},21.947873799725635,optimal
624,{'R00481'},21.947873799725635,optimal
625,{'R01364'},21.947873799725635,optimal
626,{'R06970'},21.947873799725635,optimal
627,{'R00578'},21.947873799725635,optimal
628,{'R06904'},21.947873799725635,optimal
629,{'R04961'},21.947873799725635,optimal
630,{'R00833'},21.947873799725635,optimal
631,{'R_D-Glucose'},21.947873799725635,optimal
632,{'R00479'},21.947873799725617,optimal
633,{'R02971'},21.947873799725613,optimal
634,{'R00924'},21.947873799725613,optimal
635,{'R01878'},21.947873799725613,optimal
636,{'R03743'},21.947873799725613,optimal
637,{'EX_C00067_e'},21.871202916160367,optimal
638,{'R07899'},21.947873799725638,optimal
639,{'R06430'},0.0,optimal
640,{'R_Assemble'},0.0,optimal
641,{'R00235'},21.94787379972539,optimal
642,{'R06962'},21.94787379972564,optimal
643,{'R02237'},21.94787379972564,optimal
644,{'R00291'},21.282633371169208,optimal
645,{'R07116'},21.947873799725595,optimal
646,{'R02328'},4.557109649757772e-15,optimal
647,{'R04986'},21.947873799725603,optimal
648,{'R02102'},21.947873799725613,optimal
649,{'R04137'},21.947873799725613,optimal
650,{'R08878'},21.947873799725613,optimal
651,{'R00431'},21.947873799725613,optimal
652,{'R05630'},21.947873799725613,optimal
653,{'R00494'},21.947873799725613,optimal
654,{'R08325'},21.947873799725613,optimal
655,{'R09099'},21.947873799725613,optimal
656,{'R_Citrate'},21.789369428854364,optimal
657,{'EX_C00188_e'},21.836622703275516,optimal
658,{'R00794'},21.94787379972566,optimal
659,{'R02216'},21.94787379972565,optimal
660,{'R07081'},21.94787379972565,optimal
661,{'R08293'},21.94787379972565,optimal
662,{'R05299'},21.94787379972565,optimal
663,{'R07943'},21.94787379972565,optimal
664,{'R04325'},21.94787379972565,optimal
665,{'R01714'},21.94787379972565,optimal
666,{'R06915'},21.94787379972565,optimal
667,{'R00177'},6.95010847944986e-15,optimal
668,{'R00557'},21.94787379972559,optimal
669,{'R08110'},21.94787379972551,optimal
670,{'R_Uracil'},21.947873799725574,optimal
671,{'R00509'},-2.477717533584605e-14,optimal
672,{'R03024'},21.947873799725652,optimal
673,{'R_L-Aspartate'},21.866811240625523,optimal
674,{'R01655'},21.930222020842788,optimal
675,{'EX_C00183_e'},21.947873799725613,optimal
676,{'R01074'},21.94787379972565,optimal
677,{'R_L-Threonine2'},21.836622703275538,optimal
678,{'R08704'},-3.774501417523197e-15,optimal
679,{'R01274'},21.947873799725823,optimal
680,{'EX_C00114_e'},21.947873799725656,optimal
681,{'R00485'},21.947873799725656,optimal
682,{'R01220'},21.930222020842706,optimal
683,{'R01082'},20.05239822652156,optimal
684,{'R05320'},21.94787379972562,optimal
685,{'R05582'},21.947873799725645,optimal
686,{'R06396'},16.46090534979424,optimal
687,{'R03371'},21.947873799725635,optimal
688,{'R00310'},21.947873799725645,optimal
689,{'EX_C00288_e'},19.45525291828789,optimal
690,{'R00330'},21.947873799725617,optimal
691,{'R01245'},21.94787379972562,optimal
692,{'R07042'},21.94787379972562,optimal
693,{'R04568'},21.94787379972562,optimal
694,{'R01698'},21.94787379972562,optimal
695,{'R04426'},21.94787379972562,optimal
696,{'R_Hypoxanthine'},21.69220807252315,optimal
697,{'R02864'},21.947873799725635,optimal
698,{'R07974'},21.947873799725592,optimal
699,{'EX_C00047_e'},21.947873799725592,optimal
700,{'R02231'},21.947873799725592,optimal
701,{'R05586'},21.947873799725592,optimal
702,{'R_L-Histidine2'},21.947873799725592,optimal
703,{'R00332'},21.947873799725592,optimal
704,{'R_Fumarate'},21.947873799725592,optimal
705,{'R01560'},21.947873799725592,optimal
706,{'R02387'},21.947873799725592,optimal
707,{'R05390'},21.947873799725592,optimal
708,{'R_Urea'},21.947873799725592,optimal
709,{'R07976'},21.947873799725592,optimal
710,{'R08230'},21.947873799725592,optimal
711,{'R01187'},21.947873799725592,optimal
712,{'R04942'},21.947873799725592,optimal
713,{'R06404'},21.947873799725592,optimal
714,{'R01213'},21.947873799725592,optimal
715,{'EX_C06232_e'},21.947873799725592,optimal
716,{'R00408'},19.455252918287883,optimal
717,{'R06972'},21.94787379972567,optimal
718,{'R08344'},21.947873799725627,optimal
719,{'R07981'},21.947873799725627,optimal
720,{'EX_C00507_e'},21.947873799725627,optimal
721,{'R04489'},21.947873799725627,optimal
722,{'R00705'},21.947873799725627,optimal
723,{'R00192'},-5.86163595348875e-14,optimal
724,{'R02946'},21.947873799725688,optimal
725,{'R00188'},-2.2324274671344902e-14,optimal
726,{'R02914'},21.9478737997258,optimal
727,{'R05775'},21.947873799725635,optimal
728,{'R00103'},21.947873799725635,optimal
729,{'R01625'},21.947873799725635,optimal
730,{'R03409'},21.947873799725635,optimal
731,{'R05369'},21.947873799725635,optimal
732,{'R08932'},2.4506656291068643e-14,optimal
733,{'R05575'},21.947873799725997,optimal
734,{'R06409'},21.947873799725635,optimal
735,{'R08390'},21.947873799725635,optimal
736,{'R_Taurine'},21.947873799725635,optimal
737,{'R00760'},21.947873799725635,optimal
738,{'R09104'},21.947873799725635,optimal
739,{'R02408'},21.947873799725635,optimal
740,{'R06613'},21.947873799725635,optimal
741,{'R07323'},21.947873799725635,optimal
742,{'R_2-Dehydro-3-deoxy-D-gluconate'},21.25279642058162,optimal
743,{'R04894'},21.947873799725617,optimal
744,{'R01826'},21.947873799725592,optimal
745,{'R04810'},21.947873799725592,optimal
746,{'R_L-Glutamate2'},21.947873799725592,optimal
747,{'R07079'},21.947873799725592,optimal
748,{'R04745'},21.947873799725592,optimal
749,{'R00355'},21.910366681756436,optimal
750,{'R07070'},21.94787379972564,optimal
751,{'R02412'},21.947873799725617,optimal
752,{'R00610'},21.947873799725617,optimal
753,{'R08959'},21.947873799725638,optimal
754,{'R01071'},21.947873799725638,optimal
755,{'R_CO2'},19.455252918287897,optimal
756,{'R03544'},21.947873799725638,optimal
757,{'R04742'},21.947873799725645,optimal
758,{'R05149'},21.947873799725645,optimal
759,{'R03947'},21.947873799725645,optimal
760,{'R06926'},21.947873799725645,optimal
761,{'R_Betaine'},21.947873799725645,optimal
762,{'R01542'},21.947873799725645,optimal
763,{'R05231'},21.947873799725645,optimal
764,{'R02094'},21.947873799725645,optimal
765,{'R01751'},21.947873799725645,optimal
766,{'R06927'},21.947873799725645,optimal
767,{'R_Thymidine'},21.947873799725645,optimal
768,{'EX_C00387_e'},21.947873799725645,optimal
769,{'R01920'},21.947873799725645,optimal
770,{'R00897'},21.926151503616282,optimal
771,{'R04218'},21.947873799725652,optimal
772,{'R02093'},6.4620890328158274e-15,optimal
773,{'R04990'},21.94787379972573,optimal
774,{'R04224'},21.947873799725617,optimal
775,{'R_D-Serine'},21.947873799725617,optimal
776,{'R00199'},21.947873799725617,optimal
777,{'R04365'},21.947873799725617,optimal
778,{'R00787'},21.947873799725617,optimal
779,{'R02283'},21.947873799725617,optimal
780,{'R06977'},21.947873799725617,optimal
781,{'R08275'},21.947873799725617,optimal
782,{'R_Orthophosphate1'},21.947873799725617,optimal
783,{'R06966'},21.947873799725617,optimal
784,{'EX_C05512_e'},21.947873799725617,optimal
785,{'R05884'},21.947873799725617,optimal
786,{'R07670'},21.947873799725617,optimal
787,{'R02430'},21.947873799725617,optimal
788,{'R07893'},21.947873799725617,optimal
789,{'R00858'},-2.25678380368807e-14,optimal
790,{'R07975'},21.94787379972561,optimal
791,{'R05220'},21.947873799725638,optimal
792,{'R01226'},21.947873799725638,optimal
793,{'R03239'},21.947873799725638,optimal
794,{'R08034'},21.947873799725638,optimal
795,{'R04230'},21.947873799725638,optimal
796,{'R09134'},21.947873799725638,optimal
797,{'R08093'},21.947873799725638,optimal
798,{'R08120'},21.947873799725638,optimal
799,{'R08295'},21.947873799725638,optimal
800,{'R03472'},21.947873799725638,optimal
801,{'R02433'},21.947873799725638,optimal
802,{'R07966'},21.947873799725638,optimal
803,{'EX_C00204_e'},21.25279642058154,optimal
804,{'R00342'},21.90395956192085,optimal
805,{'R00425'},21.947873799725635,optimal
806,{'EX_C00881_e'},21.94787379972568,optimal
807,{'R01906'},21.94787379972568,optimal
808,{'R03778'},21.94787379972568,optimal
809,{'R02124'},21.94787379972568,optimal
810,{'R06368'},21.94787379972568,optimal
811,{'R04998'},21.94787379972568,optimal
812,{'R01570'},21.94787379972568,optimal
813,{'R01360'},21.94787379972568,optimal
814,{'R03066'},21.94787379972568,optimal
815,{'R00691'},21.94787379972568,optimal
816,{'R01856'},21.94787379972568,optimal
817,{'R03014'},21.94787379972568,optimal
818,{'R_(S)-Malate'},21.620271910866943,optimal
819,{'R07697'},21.94787379972567,optimal
820,{'R08179'},21.947873799725638,optimal
821,{'R02090'},21.947873799725638,optimal
822,{'R03347'},21.947873799725638,optimal
823,{'R08109'},21.947873799725638,optimal
824,{'R06578'},21.947873799725638,optimal
825,{'R07107'},21.947873799725638,optimal
826,{'R00698'},21.947873799725638,optimal
827,{'R02672'},21.947873799725638,optimal
828,{'R_4-Aminobutanoate'},21.947873799725638,optimal
829,{'R00335'},21.947873799725638,optimal
830,{'R01298'},21.947873799725638,optimal
831,{'EX_C00011_e'},19.047619047618984,optimal
832,{'R00239'},21.94787379972559,optimal
833,{'R08181'},21.947873799725613,optimal
834,{'R08121'},21.947873799725613,optimal
835,{'R01101'},21.318931210915288,optimal
836,{'R07940'},21.94787379972554,optimal
837,{'R00754'},21.482044049039793,optimal
838,{'R06839'},21.947873799725674,optimal
839,{'R01736'},21.947873799725652,optimal
840,{'R01579'},21.947873799725652,optimal
841,{'R05449'},21.947873799725652,optimal
842,{'R07895'},21.947873799725652,optimal
843,{'R07856'},21.947873799725652,optimal
844,{'R00319'},21.947873799725652,optimal
845,{'R08165'},21.947873799725652,optimal
846,{'R05234'},21.947873799725652,optimal
847,{'R00944'},21.93022202084276,optimal
848,{'R07759'},21.947873799725627,optimal
849,{'R02372'},21.947873799725645,optimal
850,{'R00178'},21.947873799725645,optimal
851,{'R02327'},21.947873799725645,optimal
852,{'R04674'},21.947873799725645,optimal
853,{'R02613'},21.947873799725645,optimal
854,{'R04546'},21.947873799725645,optimal
855,{'R08276'},21.947873799725645,optimal
856,{'R05634'},21.947873799725645,optimal
857,{'R07055'},21.947873799725645,optimal
858,{'R01863'},21.947873799725645,optimal
859,{'R02807'},21.947873799725645,optimal
860,{'R00558'},21.947873799725645,optimal
861,{'R06782'},21.947873799725645,optimal
862,{'R00848'},21.947873799725645,optimal
863,{'R02720'},21.947873799725645,optimal
864,{'R00925'},21.947873799725645,optimal
865,{'R04945'},21.947873799725645,optimal
866,{'R_ATP'},15.564202334629812,optimal
867,{'EX_C00740_e'},21.947873799725645,optimal
868,{'R05062'},21.947873799725656,optimal
869,{'R08632'},21.947873799725656,optimal
870,{'EX_C00065_e'},20.887728459530024,optimal
871,{'R03471'},21.94787379972564,optimal
872,{'R06833'},21.94787379972562,optimal
873,{'R01993'},21.94787379972562,optimal
874,{'R03460'},21.94787379972562,optimal
875,{'R07322'},21.94787379972562,optimal
876,{'R05629'},21.94787379972562,optimal
877,{'R04543'},21.94787379972562,optimal
878,{'R06398'},21.94787379972562,optimal
879,{'R04441'},21.94787379972562,optimal
880,{'R04506'},21.94787379972562,optimal
881,{'R_H2O'},21.94787379972562,optimal
882,{'R04617'},21.94787379972562,optimal
883,{'R02519'},21.94787379972562,optimal
884,{'R07021'},21.94787379972562,optimal
885,{'R09247'},21.94787379972562,optimal
886,{'R07898'},21.94787379972562,optimal
887,{'R05608'},21.94787379972562,optimal
888,{'R04777'},21.94787379972562,optimal
889,{'R02735'},21.94787379972562,optimal
890,{'R01505'},21.94787379972562,optimal
891,{'R01289'},21.94787379972562,optimal
892,{'R02619'},21.94787379972562,optimal
893,{'R02331'},21.94787379972562,optimal
894,{'R00183'},21.94787379972562,optimal
895,{'R00491'},21.94787379972562,optimal
896,{'R04957'},21.94787379972562,optimal
897,{'R01745'},21.94787379972562,optimal
898,{'R07263'},21.94787379972562,optimal
899,{'R08277'},21.94787379972562,optimal
900,{'R08324'},21.94787379972562,optimal
901,{'R00921'},21.70963364993212,optimal
902,{'R_NH4OH'},21.947873799725606,optimal
903,{'R08245'},21.947873799725503,optimal
904,{'R07004'},21.947873799725503,optimal
905,{'R06601'},21.947873799725503,optimal
906,{'R07290'},21.947873799725503,optimal
907,{'R00480'},21.947873799725503,optimal
908,{'R06905'},21.947873799725503,optimal
909,{'R08603'},21.947873799725503,optimal
910,{'R05549'},21.947873799725503,optimal
911,{'R05233'},21.947873799725503,optimal
912,{'R06835'},21.947873799725503,optimal
913,{'R02668'},21.947873799725503,optimal
914,{'R06884'},21.947873799725503,optimal
915,{'R08306'},21.947873799725503,optimal
916,{'R01268'},21.947873799725503,optimal
917,{'R01279'},21.94787379972562,optimal
918,{'R03163'},21.94787379972562,optimal
919,{'R07025'},21.94787379972562,optimal
920,{'R08183'},21.94787379972562,optimal
921,{'R08281'},21.94787379972562,optimal
922,{'R08348'},21.94787379972562,optimal
923,{'R_Glycerone'},21.94787379972562,optimal
924,{'R01061'},16.260162601625975,optimal
925,{'R07971'},21.947873799725922,optimal
926,{'R09229'},21.947873799725595,optimal
927,{'R01989'},21.947873799725595,optimal
928,{'R02566'},21.947873799725595,optimal
929,{'R08705'},5.6556326254077546e-15,optimal
930,{'R08926'},21.947873799725627,optimal
931,{'R04445'},21.947873799725592,optimal
932,{'R07988'},21.947873799725592,optimal
933,{'R07013'},21.947873799725592,optimal
934,{'R01324'},21.947873799725578,optimal
935,{'R00685'},21.94787379972562,optimal
936,{'R01175'},21.94787379972562,optimal
937,{'R07069'},21.94787379972562,optimal
938,{'R01641'},21.94787379972562,optimal
939,{'R00908'},21.94787379972562,optimal
940,{'R03530'},21.94787379972562,optimal
941,{'EX_C00855_e'},21.94787379972562,optimal
942,{'R04214'},21.94787379972562,optimal
943,{'R00678'},21.94787379972562,optimal
944,{'R02565'},21.94787379972562,optimal
945,{'R05645'},21.94787379972562,optimal
946,{'R00009'},21.947873799725656,optimal
947,{'R06939'},21.947873799725627,optimal
948,{'R07270'},21.947873799725627,optimal
949,{'R05627'},21.947873799725627,optimal
950,{'R07770'},21.947873799725627,optimal
951,{'R_Protein'},21.947873799725627,optimal
952,{'R07709'},21.947873799725627,optimal
953,{'R00918'},21.947873799725627,optimal
954,{'R03980'},21.947873799725627,optimal
955,{'R00418'},21.947873799725627,optimal
956,{'R06590'},21.947873799725627,optimal
957,{'R00771'},21.947873799725627,optimal
958,{'R08930'},-6.010408616045523e-15,optimal
959,{'R05070'},21.94787379972562,optimal
960,{'R04138'},21.947873799725635,optimal
961,{'R06367'},21.947873799725635,optimal
962,{'R00028'},21.947873799725635,optimal
963,{'R01073'},21.947873799725635,optimal
964,{'R00281'},21.947873799725635,optimal
965,{'R08300'},21.947873799725635,optimal
966,{'R04000'},21.947873799725635,optimal
967,{'R07363'},21.947873799725635,optimal
968,{'R05622'},21.947873799725635,optimal
969,{'R07465'},21.947873799725635,optimal
970,{'R02857'},21.947873799725635,optimal
971,{'R06838'},21.947873799725635,optimal
972,{'R_Cobalt_ion'},21.947873799725635,optimal
973,{'R00529'},-4.0251440561159504e-14,optimal
974,{'R01224'},21.947873799725663,optimal
975,{'R05812'},21.947873799725656,optimal
976,{'R07669'},21.947873799725656,optimal
977,{'R_(S)-Lactate'},21.947873799725656,optimal
978,{'R01706'},21.947873799725656,optimal
979,{'R02355'},21.947873799725656,optimal
980,{'R03165'},21.947873799725656,optimal
981,{'R07890'},21.947873799725656,optimal
982,{'R_Glycerol'},21.947873799725656,optimal
983,{'R00847'},21.947873799725656,optimal
984,{'R01771'},21.947873799725656,optimal
985,{'R03184'},21.947873799725656,optimal
986,{'R07084'},21.947873799725656,optimal
987,{'R08555'},21.947873799725656,optimal
988,{'R04744'},21.947873799725656,optimal
989,{'R00253'},21.947873799725656,optimal
990,{'R00768'},21.947873799725656,optimal
991,{'R_L-Glutamate1'},21.947873799725656,optimal
992,{'R05066'},21.947873799725656,optimal
993,{'R07967'},21.947873799725656,optimal
994,{'R01561'},21.947873799725656,optimal
995,{'EX_C00123_e'},21.947873799725656,optimal
996,{'R00069'},21.947873799725656,optimal
997,{'R05809'},21.947873799725656,optimal
998,{'R03327'},21.947873799725656,optimal
999,{'R02065'},21.947873799725638,optimal
1000,{'R07412'},21.947873799725638,optimal
1001,{'R05217'},21.947873799725638,optimal
1002,{'R02991'},21.947873799725638,optimal
1003,{'R02003'},21.947873799725638,optimal
1004,{'R00299'},21.282633371169137,optimal
1005,{'R08639'},21.391899600684514,optimal
1006,{'EX_C00256_e'},21.947873799725645,optimal
1007,{'R03238'},21.947873799725645,optimal
1008,{'R02133'},21.947873799725645,optimal
1009,{'R00405'},21.947873799725645,optimal
1010,{'R04300'},21.947873799725645,optimal
1011,{'R00272'},21.947873799725645,optimal
1012,{'R01773'},21.947873799725645,optimal
1013,{'R00654'},21.947873799725645,optimal
1014,{'R01648'},21.947873799725645,optimal
1015,{'R05181'},21.947873799725645,optimal
1016,{'R03459'},21.947873799725645,optimal
1017,{'R02103'},21.947873799725645,optimal
1018,{'R01066'},21.947873799725645,optimal
1019,{'EX_C00042_e'},21.692208072523158,optimal
1020,{'R01167'},21.94787379972571,optimal
1021,{'R_Nitrate'},21.94787379972565,optimal
1022,{'R07093'},21.94787379972565,optimal
1023,{'R03858'},21.94787379972565,optimal
1024,{'R04748'},21.94787379972565,optimal
1025,{'R01372'},21.94787379972565,optimal
1026,{'R08271'},21.94787379972565,optimal
1027,{'R00885'},21.94787379972565,optimal
1028,{'R_DNA'},21.94787379972565,optimal
1029,{'R05367'},21.94787379972565,optimal
1030,{'R07937'},21.94787379972565,optimal
1031,{'R00470'},21.94787379972565,optimal
1032,{'R07364'},21.94787379972565,optimal
1033,{'R04785'},21.94787379972565,optimal
1034,{'R06729'},21.94787379972565,optimal
1035,{'R07956'},21.94787379972565,optimal
1036,{'R07088'},21.94787379972565,optimal
1037,{'R00275'},21.94787379972565,optimal
1038,{'R_RNA'},21.94787379972565,optimal
1039,{'EX_C00407_e'},21.94787379972565,optimal
1040,{'R05572'},21.94787379972565,optimal
1041,{'EX_C02323_e'},21.94787379972565,optimal
1042,{'R01647'},21.94787379972565,optimal
1043,{'R00161'},21.94787379972565,optimal
1044,{'R02777'},21.94787379972565,optimal
1045,{'R_L-Leucine1'},21.94787379972565,optimal
1046,{'R04326'},21.94787379972565,optimal
1047,{'R06435'},21.94787379972565,optimal
1048,{'R02199'},21.94787379972565,optimal
1049,{'R06858'},21.94787379972565,optimal
1050,{'R00575'},21.94787379972565,optimal
1051,{'R03269'},-5.2055681952536955e-14,optimal
1052,{'R03504'},21.947873799725446,optimal
1053,{'R03970'},21.94787379972562,optimal
1054,{'R04743'},21.94787379972562,optimal
1055,{'R07045'},21.94787379972562,optimal
1056,{'R08090'},21.94787379972562,optimal
1057,{'EX_C14819_e'},21.94787379972562,optimal
1058,{'R04221'},21.94787379972562,optimal
1059,{'R00751'},21.836622703273964,optimal
1060,{'R04620'},21.947873799725595,optimal
1061,{'R02671'},21.947873799725635,optimal
1062,{'R02021'},2.7947281644692016e-14,optimal
1063,{'R00565'},21.947873799725702,optimal
1064,{'R06851'},21.947873799725585,optimal
1065,{'R01752'},21.94787379972559,optimal
1066,{'R04025'},21.947873799725652,optimal
1067,{'R03458'},21.947873799725652,optimal
1068,{'EX_C00135_e'},21.947873799725652,optimal
1069,{'R06890'},21.947873799725652,optimal
1070,{'R00006'},21.947873799725667,optimal
1071,{'R07641'},21.94787379972567,optimal
1072,{'R04639'},21.94787379972567,optimal
1073,{'R_Orthophosphate2'},20.99737532808396,optimal
1074,{'R02279'},21.94787379972565,optimal
1075,{'R05177'},21.947873799725606,optimal
1076,{'R00734'},21.947873799725606,optimal
1077,{'EX_C00105_e'},21.947873799725606,optimal
1078,{'R01424'},21.947873799725606,optimal
1079,{'EX_C00049_e'},21.866811240625175,optimal
1080,{'R08115'},21.94787379972559,optimal
1081,{'R00306'},21.947873799725638,optimal
1082,{'R07091'},21.947873799725638,optimal
1083,{'R04801'},21.947873799725638,optimal
1084,{'R07343'},21.947873799725638,optimal
1085,{'R00549'},21.947873799725638,optimal
1086,{'R00094'},21.947873799725638,optimal
1087,{'R04206'},21.947873799725638,optimal
1088,{'R_Phosphatidylethanolamine'},21.947873799725638,optimal
1089,{'R03217'},21.947873799725638,optimal
1090,{'R07050'},21.947873799725638,optimal
1091,{'R08346'},21.947873799725638,optimal
1092,{'R00286'},21.947873799725638,optimal
1093,{'R00036'},21.947873799725638,optimal
1094,{'R02098'},21.947873799725638,optimal
1095,{'R01624'},21.947873799725638,optimal
1096,{'R00872'},21.947873799725638,optimal
1097,{'R01459'},21.947873799725638,optimal
1098,{'R_Spinosad'},0.0,optimal
1099,{'R01676'},21.947873799725674,optimal
1100,{'R00214'},21.947873799725635,optimal
1101,{'R02706'},21.947873799725635,optimal
1102,{'R04163'},21.947873799725635,optimal
1103,{'R05032'},21.947873799725635,optimal
1104,{'R00093'},21.947873799725635,optimal
1105,{'R03630'},21.947873799725635,optimal
1106,{'R00962'},21.947873799725635,optimal
1107,{'R03982'},21.947873799725635,optimal
1108,{'R00025'},21.947873799725635,optimal
1109,{'R02269'},21.947873799725635,optimal
1110,{'R04678'},21.947873799725635,optimal
1111,{'R04966'},21.947873799725635,optimal
1112,{'R00256'},21.947873799725635,optimal
1113,{'R04965'},21.947873799725635,optimal
1114,{'R02059'},21.947873799725635,optimal
1115,{'R06942'},21.947873799725635,optimal
1116,{'R08294'},21.947873799725635,optimal
1117,{'R04893'},21.947873799725635,optimal
1118,{'EX_C00124_e'},21.947873799725635,optimal
1119,{'R03307'},21.947873799725635,optimal
1120,{'R03348'},21.947873799725635,optimal
1121,{'R04740'},21.947873799725635,optimal
1122,{'R04770'},21.947873799725635,optimal
1123,{'R00817'},21.947873799725635,optimal
1124,{'R03898'},21.947873799725635,optimal
1125,{'EX_C00242_e'},21.692208072523176,optimal
1126,{'EX_C00212_e'},21.94787379972561,optimal
1127,{'R03457'},21.947873799725635,optimal
1128,{'R04482'},21.947873799725635,optimal
1129,{'R01010'},21.947873799725635,optimal
1130,{'R05221'},21.947873799725635,optimal
1131,{'R00104'},21.947873799725635,optimal
1132,{'EX_C00378_e'},21.947873799725635,optimal
1133,{'EX_C01153_e'},21.947873799725635,optimal
1134,{'R05861'},21.947873799725635,optimal
1135,{'R01398'},21.947873799725635,optimal
1136,{'R07404'},21.947873799725635,optimal
1137,{'R07168'},21.947873799725635,optimal
1138,{'R07955'},21.94787379972563,optimal
1139,{'R07969'},21.94787379972563,optimal
1140,{'R07302'},21.94787379972563,optimal
1141,{'R02300'},21.94787379972563,optimal
1142,{'R_L-Phenylalanine'},21.94787379972563,optimal
1143,{'R00254'},21.94787379972563,optimal
1144,{'R07000'},21.94787379972563,optimal
1145,{'R07099'},21.94787379972563,optimal
1146,{'R07968'},21.94787379972563,optimal
1147,{'R05356'},21.94787379972563,optimal
1148,{'R02473'},-2.2324274671344896e-14,optimal
1149,{'R08095'},21.947873799725595,optimal
1150,{'R07026'},21.947873799725635,optimal
1151,{'R01049'},21.947873799725635,optimal
1152,{'R00963'},21.947873799725635,optimal
1153,{'R00190'},21.947873799725635,optimal
1154,{'R04547'},21.947873799725635,optimal
1155,{'R08163'},21.830394626364367,optimal
1156,{'R08238'},21.94787379972565,optimal
1157,{'R07894'},21.947873799725613,optimal
1158,{'R05863'},21.947873799725613,optimal
1159,{'R04204'},21.947873799725613,optimal
1160,{'R04379'},21.947873799725613,optimal
1161,{'R04868'},21.947873799725613,optimal
1162,{'R_Cytosine'},21.947873799725613,optimal
1163,{'R00139'},21.947873799725638,optimal
1164,{'R_D-Methionine'},21.947873799725638,optimal
1165,{'R07068'},21.947873799725638,optimal
1166,{'R01067'},21.947873799725638,optimal
1167,{'R08094'},21.947873799725638,optimal
1168,{'R03182'},21.947873799725638,optimal
1169,{'EX_C00033_e'},21.947873799725635,optimal
1170,{'R03971'},21.94787379972564,optimal
1171,{'R05659'},21.94787379972564,optimal
1172,{'R07667'},21.94787379972564,optimal
1173,{'R05332'},21.94787379972564,optimal
1174,{'R01090'},21.94787379972564,optimal
1175,{'R01716'},21.94787379972564,optimal
1176,{'R00371'},21.94787379972564,optimal
1177,{'R00710'},21.836622703275538,optimal
1178,{'R00428'},21.94787379972558,optimal
1179,{'R01215'},20.196855426307152,optimal
1180,{'R01665'},21.947873799725578,optimal
1181,{'R08318'},21.947873799725627,optimal
1182,{'R02141'},21.947873799725627,optimal
1183,{'R00259'},21.947873799725627,optimal
1184,{'R08274'},21.947873799725627,optimal
1185,{'R00650'},21.947873799725627,optimal
1186,{'R05662'},21.947873799725627,optimal
1187,{'R00968'},21.947873799725627,optimal
1188,{'R00004'},19.607843137254886,optimal
1189,{'R00483'},21.947873799725635,optimal
1190,{'R03236'},21.947873799725627,optimal
1191,{'R07950'},21.947873799725627,optimal
1192,{'R02396'},21.947873799725627,optimal
1193,{'R04198'},21.947873799725627,optimal
1194,{'R07416'},21.947873799725627,optimal
1195,{'R02922'},21.947873799725627,optimal
1196,{'R05559'},21.947873799725627,optimal
1197,{'R05595'},21.947873799725627,optimal
1198,{'R05237'},21.947873799725627,optimal
1199,{'R02783'},21.947873799725627,optimal
1200,{'R03634'},21.947873799725627,optimal
1201,{'R09102'},21.947873799725627,optimal
1202,{'R09105'},21.947873799725627,optimal
1203,{'R00361'},21.830394626364384,optimal
1204,{'R00114'},21.94787379972562,optimal
1205,{'R08558'},21.94787379972564,optimal
1206,{'EX_C00149_e'},21.62027191086697,optimal
1207,{'R02019'},21.947873799725592,optimal
1208,{'R00900'},21.947873799725617,optimal
1209,{'R03877'},21.947873799725617,optimal
1210,{'R05165'},21.947873799725617,optimal
1211,{'R00013'},21.947873799725617,optimal
1212,{'R_Adenosine'},21.94787379972561,optimal
1213,{'R03503'},21.947873799725635,optimal
1214,{'R_D-Ribose'},21.947873799725635,optimal
1215,{'R02670'},21.947873799725635,optimal
1216,{'R03370'},21.8303946263644,optimal
1217,{'R05663'},21.94787379972568,optimal
1218,{'R04955'},21.947873799725656,optimal
1219,{'R00112'},21.661817006142886,optimal
1220,{'R07953'},21.947873799725667,optimal
1221,{'R03857'},21.94787379972561,optimal
1222,{'R00086'},21.94787379972561,optimal
1223,{'R00220'},21.94787379972561,optimal
1224,{'R01286'},21.94787379972561,optimal
1225,{'R00964'},21.94787379972561,optimal
1226,{'R02750'},21.94787379972561,optimal
1227,{'R06414'},21.94787379972561,optimal
1228,{'R05637'},21.94787379972561,optimal
1229,{'R02940'},21.94787379972561,optimal
1230,{'R05046'},21.94787379972561,optimal
1231,{'R07962'},21.94787379972561,optimal
1232,{'R_NH3'},21.94787379972561,optimal
1233,{'R00158'},21.94787379972561,optimal
1234,{'R04292'},21.94787379972561,optimal
1235,{'R03470'},21.94787379972561,optimal
1236,{'R01569'},21.94787379972561,optimal
1237,{'R03180'},21.94787379972561,optimal
1238,{'R05258'},21.94787379972561,optimal
1239,{'R03955'},21.94787379972561,optimal
1240,{'R_Phosphatidate'},21.94787379972561,optimal
1241,{'R_Deoxycytidine'},21.94787379972561,optimal
1242,{'EX_C00175_e'},21.94787379972561,optimal
1243,{'R_Deoxyuridine'},21.947873799725592,optimal
1244,{'R_L-Rhamnose'},21.947873799725635,optimal
1245,{'R03106'},21.947873799725638,optimal
1246,{'R03243'},21.947873799725638,optimal
1247,{'R08341'},21.947873799725638,optimal
1248,{'R06622'},21.947873799725638,optimal
1249,{'R02080'},21.947873799725638,optimal
1250,{'R01243'},21.947873799725638,optimal
1251,{'R04258'},21.947873799725638,optimal
1252,{'R07043'},21.947873799725638,optimal
1253,{'R01214'},19.047619047619094,optimal
1254,{'EX_C_Spinosad_e'},0.0,optimal
1255,{'R08240'},21.947873799725656,optimal
1256,{'R_Teichoic'},21.947873799725627,optimal
1257,{'R00772'},21.947873799725627,optimal
1258,{'R00321'},21.947873799725627,optimal
1259,{'R00111'},21.947873799725627,optimal
1260,{'R07092'},21.947873799725627,optimal
1261,{'R02222'},21.830394626364022,optimal
1262,{'R01227'},21.94787379972562,optimal
1263,{'R04428'},21.947873799725592,optimal
1264,{'R05511'},21.947873799725592,optimal
1265,{'R07700'},21.947873799725592,optimal
1266,{'R03197'},21.947873799725592,optimal
1267,{'R_Mannitol'},21.947873799725592,optimal
1268,{'R00516'},21.947873799725592,optimal
1269,{'R07395'},21.947873799725592,optimal
1270,{'R00196'},21.947873799725592,optimal
1271,{'R01078'},21.947873799725592,optimal
1272,{'R03033'},21.947873799725592,optimal
1273,{'R07456'},21.947873799725592,optimal
1274,{'R01519'},21.947873799725592,optimal
1275,{'R_Xanthine'},21.85518852185518,optimal
1276,{'R06786'},21.94787379972554,optimal
1277,{'R00226'},21.94787379972565,optimal
1278,{'R00836'},21.94787379972565,optimal
1279,{'R02018'},21.94787379972565,optimal
1280,{'R02029'},21.94787379972565,optimal
1281,{'R03132'},21.94787379972565,optimal
1282,{'R01658'},21.94787379972565,optimal
1283,{'R00668'},21.94787379972565,optimal
1284,{'R07281'},21.94787379972565,optimal
1285,{'R03319'},21.94787379972565,optimal
1286,{'R08557'},21.94787379972565,optimal
1287,{'R03601'},21.94787379972565,optimal
1288,{'R01041'},21.94787379972565,optimal
1289,{'R00997'},21.94787379972565,optimal
1290,{'R07987'},21.94787379972565,optimal
1291,{'EX_C00116_e'},21.94787379972565,optimal
1292,{'R06515'},16.460905349794285,optimal
1293,{'R04908'},21.94787379972552,optimal
1294,{'R01513'},21.94787379972562,optimal
1295,{'R08648'},21.94787379972562,optimal
1296,{'R06558'},21.94787379972562,optimal
1297,{'R02413'},21.94787379972562,optimal
1298,{'R02106'},21.94787379972562,optimal
1299,{'R00720'},21.94787379972562,optimal
1300,{'R_D-Sorbitol'},21.94787379972562,optimal
1301,{'R01975'},21.94787379972562,optimal
1302,{'R02923'},21.94787379972562,optimal
1303,{'R02539'},21.94787379972562,optimal
1304,{'EX_C00475_e'},21.94787379972562,optimal
1305,{'R01361'},21.94787379972562,optimal
1306,{'R03004'},21.94787379972562,optimal
1307,{'R01216'},21.85294787161389,optimal
1308,{'R03026'},21.94787379972566,optimal
1309,{'R03443'},21.947873799725635,optimal
1310,{'R01652'},21.947873799725635,optimal
1311,{'EX_C00392_e'},21.947873799725635,optimal
1312,{'R01902'},21.947873799725635,optimal
1313,{'R08339'},21.947873799725635,optimal
1314,{'R03936'},21.947873799725635,optimal
1315,{'R_Deoxyadenosine'},21.947873799725652,optimal
1316,{'R00647'},21.94787379972562,optimal
1317,{'R01880'},21.94787379972562,optimal
1318,{'R04936'},21.94787379972562,optimal
1319,{'R04958'},21.94787379972562,optimal
1320,{'R_D-Glyceraldehyde'},21.94787379972562,optimal
1321,{'R_D-Gluconic_acid'},20.830381181805276,optimal
1322,{'R00257'},21.947873799725684,optimal
1323,{'R00835'},20.40544145105355,optimal
1324,{'R04464'},21.94787379972564,optimal
1325,{'R_D-Fructose2'},21.94787379972567,optimal
1326,{'R05285'},21.94787379972567,optimal
1327,{'R00277'},21.947873799725638,optimal
1328,{'R05068'},21.947873799725638,optimal
1329,{'R00673'},21.947873799725638,optimal
1330,{'R01515'},21.947873799725638,optimal
1331,{'R05633'},21.947873799725638,optimal
1332,{'R05813'},21.947873799725638,optimal
1333,{'R07765'},21.947873799725638,optimal
1334,{'R02017'},21.947873799725638,optimal
1335,{'R01801'},21.947873799725638,optimal
1336,{'R02424'},21.947873799725638,optimal
1337,{'R07963'},21.947873799725638,optimal
1338,{'R02142'},21.947873799725638,optimal
1339,{'EX_C00022_e'},19.047619047619033,optimal
1340,{'R07959'},21.947873799725745,optimal
1341,{'EX_C00185_e'},21.94787379972564,optimal
1342,{'R01288'},21.94787379972564,optimal
1343,{'R05814'},21.94787379972564,optimal
1344,{'R04148'},21.94787379972564,optimal
1345,{'R01488'},21.94787379972564,optimal
1346,{'R08931'},1.6760186507812264e-14,optimal
1347,{'R02024'},21.947873799725766,optimal
1348,{'R01221'},21.94787379972561,optimal
1349,{'R07002'},21.94787379972561,optimal
1350,{'EX_C00078_e'},21.94787379972561,optimal
1351,{'R04535'},21.94787379972561,optimal
1352,{'R00899'},21.94787379972561,optimal
1353,{'R01470'},21.94787379972561,optimal
1354,{'R04144'},21.94787379972561,optimal
1355,{'R06410'},21.94787379972561,optimal
1356,{'R00667'},21.94787379972561,optimal
1357,{'R00401'},20.196855426307064,optimal
1358,{'R03943'},21.9478737997254,optimal
1359,{'R07881'},21.94787379972564,optimal
1360,{'R07191'},21.94787379972564,optimal
1361,{'R04969'},21.94787379972564,optimal
1362,{'R_Thiamine'},21.94787379972564,optimal
1363,{'R05222'},21.94787379972564,optimal
1364,{'R01285'},21.94787379972564,optimal
1365,{'R_Inosine'},21.947873799725603,optimal
1366,{'R04560'},21.94787379972561,optimal
1367,{'R06888'},21.94787379972561,optimal
1368,{'R08345'},21.94787379972561,optimal
1369,{'R08210'},21.94787379972561,optimal
1370,{'R02521'},21.94787379972561,optimal
1371,{'R04592'},21.94787379972561,optimal
1372,{'R05168'},21.94787379972561,optimal
1373,{'R05862'},21.94787379972561,optimal
1374,{'R04391'},21.94787379972561,optimal
1375,{'R01870'},21.94787379972561,optimal
1376,{'R00189'},21.94787379972561,optimal
1377,{'EX_C00079_e'},21.94787379972561,optimal
1378,{'R00839'},21.94787379972561,optimal
1379,{'R01529'},21.94787379972561,optimal
1380,{'R07888'},21.94787379972561,optimal
1381,{'R07663'},21.94787379972561,optimal
1382,{'R_Cellobiose'},21.94787379972561,optimal
1383,{'R00475'},21.94787379972561,optimal
1384,{'R03013'},21.94787379972561,optimal
1385,{'R04919'},21.94787379972561,optimal
1386,{'R07046'},21.94787379972561,optimal
1387,{'R05370'},21.94787379972561,optimal
1388,{'R01168'},21.94787379972561,optimal
1389,{'R03948'},21.94787379972561,optimal
1390,{'R05636'},21.94787379972561,optimal
1391,{'R00115'},21.94787379972561,optimal
1392,{'R00818'},21.94787379972561,optimal
1393,{'R07957'},21.94787379972561,optimal
1394,{'R07828'},21.94787379972561,optimal
1395,{'R03090'},21.94787379972561,optimal
1396,{'R07463'},21.94787379972561,optimal
1397,{'R05351'},21.94787379972561,optimal
1398,{'R01127'},21.94787379972561,optimal
1399,{'R00945'},21.530249110320245,optimal
1400,{'R00829'},21.94787379972565,optimal
1401,{'R_HCO3-'},16.260162601625968,optimal
1402,{'R07072'},21.947873799725265,optimal
1403,{'R08392'},21.94787379972568,optimal
1404,{'R_AGL'},3.680104730172384e-14,optimal
1405,{'R07003'},21.94787379972565,optimal
1406,{'R03083'},21.947873799725635,optimal
1407,{'R00267'},21.947873799725635,optimal
1408,{'R04591'},21.947873799725635,optimal
1409,{'R06366'},21.947873799725638,optimal
1410,{'R_NAD'},20.89136490250695,optimal
1411,{'R07085'},21.947873799725656,optimal
1412,{'R05048'},21.947873799725635,optimal
1413,{'R01626'},21.947873799725635,optimal
1414,{'EX_C00058_e'},21.93022202084282,optimal
1415,{'R02529'},21.947873799725617,optimal
1416,{'R07541'},21.94787379972563,optimal
1417,{'R07089'},21.94787379972563,optimal
1418,{'R05815'},21.94787379972563,optimal
1419,{'R02047'},21.94787379972563,optimal
1420,{'R00967'},21.94787379972563,optimal
1421,{'EX_C00133_e'},20.196855426306833,optimal
1422,{'R07094'},21.94787379972571,optimal
1423,{'R04037'},21.947873799725635,optimal
1424,{'R00582'},21.947873799725635,optimal
1425,{'R04941'},21.947873799725635,optimal
1426,{'R01724'},21.947873799725635,optimal
1427,{'R02556'},21.947873799725635,optimal
1428,{'R04170'},21.947873799725635,optimal
1429,{'R05590'},21.947873799725635,optimal
1430,{'R02294'},21.947873799725635,optimal
1431,{'R05289'},21.947873799725635,optimal
1432,{'R05551'},21.947873799725635,optimal
1433,{'R01135'},21.947873799725635,optimal
1434,{'R04849'},21.947873799725635,optimal
1435,{'EX_C00084_e'},21.33988821217752,optimal
1436,{'R00736'},21.947873799725656,optimal
1437,{'R02061'},21.947873799725677,optimal
1438,{'R01177'},21.947873799725677,optimal
1439,{'R01357'},21.947873799725677,optimal
1440,{'R01132'},21.947873799725677,optimal
1441,{'R04444'},21.947873799725677,optimal
1442,{'R07945'},21.947873799725677,optimal
1443,{'R04880'},21.947873799725677,optimal
1444,{'R01768'},21.855188521855187,optimal
1445,{'R07411'},21.94787379972565,optimal
1446,{'R01764'},21.947873799725645,optimal
1447,{'R03194'},21.947873799725645,optimal
1448,{'R05655'},21.947873799725645,optimal
1449,{'R00513'},21.947873799725645,optimal
1450,{'R05456'},21.947873799725645,optimal
1451,{'R08280'},21.947873799725645,optimal
1452,{'R03191'},21.947873799725645,optimal
1453,{'R03210'},21.947873799725645,optimal
1454,{'R03260'},21.947873799725645,optimal
1455,{'R00106'},21.947873799725645,optimal
1456,{'R01280'},21.947873799725645,optimal
1457,{'R04812'},21.947873799725645,optimal
1458,{'R02143'},21.947873799725645,optimal
1459,{'R01123'},21.947873799725645,optimal
1460,{'R_D-Galactose'},21.947873799725645,optimal
1461,{'R07001'},21.947873799725645,optimal
1462,{'EX_C00330_e'},21.692208072523176,optimal
1463,{'EX_C00037_e'},21.947873799725592,optimal
1464,{'R01968'},21.94787379972552,optimal
1465,{'EX_C00012_e'},21.94787379972552,optimal
1466,{'R02325'},21.94787379972552,optimal
1467,{'R01231'},21.94787379972552,optimal
1468,{'R00511'},21.94787379972552,optimal
1469,{'R08232'},21.94787379972552,optimal
1470,{'R09157'},21.94787379972552,optimal
1471,{'R07958'},21.94787379972552,optimal
1472,{'R01884'},21.94787379972552,optimal
1473,{'R03276'},21.94787379972552,optimal
1474,{'R00966'},21.94787379972552,optimal
1475,{'R08177'},21.94787379972552,optimal
1476,{'R08739'},21.94787379972552,optimal
1477,{'R05371'},21.94787379972552,optimal
1478,{'R04231'},21.94787379972559,optimal
1479,{'R05632'},21.94787379972562,optimal
1480,{'EX_C00214_e'},21.94787379972562,optimal
1481,{'R08347'},21.94787379972562,optimal
1482,{'R08327'},21.94787379972562,optimal
1483,{'R00131'},21.94787379972562,optimal
1484,{'R01465'},21.94787379972562,optimal
1485,{'R_Deoxyguanosine'},21.692208072523176,optimal
1486,{'R03777'},21.94787379972562,optimal
1487,{'R01654'},21.94787379972561,optimal
1488,{'R08231'},21.94787379972561,optimal
1489,{'R01421'},21.94787379972561,optimal
1490,{'R01547'},21.94787379972561,optimal
1491,{'R00524'},21.947873799725595,optimal
1492,{'R_Phospholipid'},21.947873799725595,optimal
1493,{'R05085'},21.947873799725595,optimal
1494,{'R08924'},21.947873799725595,optimal
1495,{'R00570'},21.947873799725595,optimal
1496,{'R01054'},21.947873799725656,optimal
1497,{'R03005'},21.947873799725656,optimal
1498,{'R02853'},21.947873799725656,optimal
1499,{'R03950'},21.947873799725656,optimal
1500,{'R02549'},21.947873799725656,optimal
1501,{'R01662'},21.947873799725656,optimal
1502,{'R02499'},21.947873799725656,optimal
1503,{'R_Molybdate'},21.947873799725656,optimal
1504,{'R04188'},21.947873799725656,optimal
1505,{'R00782'},21.947873799725656,optimal
1506,{'R07939'},21.947873799725656,optimal
1507,{'R00490'},21.947873799725656,optimal
1508,{'R05287'},21.947873799725656,optimal
1509,{'R08304'},21.947873799725656,optimal
1510,{'R06447'},21.947873799725656,optimal
1511,{'R05052'},21.947873799725656,optimal
1512,{'R01613'},21.947873799725656,optimal
1513,{'EX_C00122_e'},21.947873799725656,optimal
1514,{'R07052'},21.947873799725656,optimal
1515,{'R01986'},21.947873799725656,optimal
1516,{'R02540'},21.947873799725656,optimal
1517,{'R05227'},21.947873799725656,optimal
1518,{'R00724'},21.947873799725656,optimal
1519,{'R00451'},21.947873799725613,optimal
1520,{'R07833'},21.947873799725613,optimal
1521,{'R04739'},21.947873799725613,optimal
1522,{'R07090'},21.947873799725613,optimal
1523,{'R_Polysaccharide'},21.947873799725613,optimal
1524,{'EX_C05402_e'},21.31893121091533,optimal
1525,{'R01837'},21.947873799725613,optimal
1526,{'R07779'},21.94787379972565,optimal
1527,{'R_CO2HCO3-'},21.94787379972565,optimal
1528,{'R01229'},21.94787379972565,optimal
1529,{'R08056'},21.94787379972565,optimal
1530,{'R_Maltose'},21.94787379972565,optimal
1531,{'R02297'},21.94787379972565,optimal
1532,{'R00894'},21.94787379972565,optimal
1533,{'R05576'},21.94787379972565,optimal
1534,{'R05688'},21.94787379972565,optimal
1535,{'R07048'},21.94787379972565,optimal
1536,{'R04429'},21.94787379972565,optimal
1537,{'R09096'},21.94787379972565,optimal
1538,{'R03531'},21.94787379972565,optimal
1539,{'R00996'},21.94787379972565,optimal
1540,{'R07951'},21.94787379972565,optimal
1541,{'R07082'},21.94787379972565,optimal
1542,{'R02734'},21.94787379972565,optimal
1543,{'R01728'},21.94787379972565,optimal
1544,{'R09136'},21.94787379972565,optimal
1545,{'R00715'},21.94787379972565,optimal
1546,{'R06415'},21.94787379972565,optimal
1547,{'R05300'},21.94787379972565,optimal
1548,{'R00366'},21.94787379972565,optimal
1549,{'R_L-Serine'},20.887728459530017,optimal
1550,{'R07763'},21.947873799725645,optimal
1551,{'R_Salicyl_alcohol'},21.947873799725617,optimal
1552,{'R05368'},21.947873799725617,optimal
1553,{'R_Pyruvate'},19.04761904761896,optimal
1554,{'R03037'},21.94787379972565,optimal
1555,{'R_Melibiose'},21.318931210915274,optimal
1556,{'R00974'},21.947873799725606,optimal
1557,{'R00982'},21.947873799725585,optimal
1558,{'R00084'},21.947873799725585,optimal
1559,{'R01159'},21.947873799725585,optimal
1560,{'R_Succinate'},21.69220807252312,optimal
1561,{'R02326'},21.947873799725592,optimal
1562,{'R07897'},21.94787379972561,optimal
1563,{'EX_C_H_e'},20.576131687242768,optimal
1564,{'R06180'},21.947873799725606,optimal
1565,{'R08255'},21.947873799725606,optimal
1566,{'R_Glycine'},21.947873799725606,optimal
1567,{'R04031'},21.947873799725606,optimal
1568,{'R04463'},21.947873799725606,optimal
1569,{'R01411'},21.947873799725606,optimal
1570,{'R06891'},21.947873799725606,optimal
1571,{'R08635'},21.947873799725606,optimal
1572,{'R_D-Fructose1'},21.947873799725606,optimal
